Date,Close,High,Low,Open,Volume,Ticker
2014-01-02,41.303890228271484,42.07072695085552,41.04076087465759,42.01810173171721,1478504,BWA
2014-01-03,41.26627731323242,41.446710724151735,40.973077500129214,41.31890576095087,1312194,BWA
2014-01-06,41.34897994995117,41.807577910613816,41.108405305800595,41.34897994995117,1468280,BWA
2014-01-07,42.3864860534668,42.42407596225392,41.597094711014705,41.69482912544572,1532805,BWA
2014-01-08,42.31129455566406,42.85258844118754,42.09327119013164,42.4466155836038,1665830,BWA
2014-01-09,42.32632827758789,42.845070810966504,41.99553522921862,42.439097968593494,1200525,BWA
2014-01-10,42.66463088989258,42.8074711737008,42.296248000305724,42.52178734816347,1003315,BWA
2014-01-13,41.77750778198242,43.070602617755334,41.71736330577332,42.72477432299359,1530306,BWA
2014-01-14,42.68718719482422,42.72477708764719,41.93538608044375,42.055675040645674,1382966,BWA
2014-01-15,42.07070541381836,42.792432574572494,40.98811467268715,42.74732666322576,4063018,BWA
2014-01-16,42.799957275390625,42.80747329927322,42.048156153947126,42.11581991641678,1826120,BWA
2014-01-17,41.95795440673828,42.799970888025655,41.86773928600666,42.799970888025655,2192821,BWA
2014-01-21,42.18348693847656,42.446616231363905,41.50686875676625,42.29625663542828,1719450,BWA
2014-01-22,42.66463088989258,42.694701499771924,41.860204609529895,42.386466345785536,1267776,BWA
2014-01-23,41.83014678955078,42.491729730468606,41.424173884524855,42.356405428793295,1604032,BWA
2014-01-24,40.3791618347168,41.356502304183024,40.20624767647459,41.32642843522902,1867130,BWA
2014-01-27,40.35661697387695,40.92046550104683,40.04086245024619,40.740035275521194,2021512,BWA
2014-01-28,40.59718322753906,40.84527717933938,40.35660855770163,40.50696813359016,1471120,BWA
2014-01-29,40.55960464477539,40.92798766318915,39.958166173492884,40.27392071933179,2424451,BWA
2014-01-30,40.85724639892578,41.06070257673795,40.525685159632644,40.887386845458266,1204274,BWA
2014-01-31,40.465389251708984,40.819557355810204,40.19411224973491,40.216719210813785,1297766,BWA
2014-02-03,38.671958923339844,40.57842851105142,38.415755357003626,40.52568110215712,2923610,BWA
2014-02-04,39.31999969482422,39.350143397575195,38.30271258758742,38.92815768295083,1902800,BWA
2014-02-05,39.51592254638672,39.61388386625435,38.70209481550467,39.09393682948901,1527238,BWA
2014-02-06,40.26947784423828,40.42018659394015,39.4933238646894,39.55360801766753,1241989,BWA
2014-02-07,40.62364196777344,40.947666426467144,40.31468773066127,40.51814388572906,1957782,BWA
2014-02-10,40.61611557006836,40.721613678985456,40.2468803525776,40.68393648269098,1993339,BWA
2014-02-11,41.196346282958984,41.203883028280764,40.61611485780918,40.77436038566596,2094102,BWA
2014-02-12,41.77656936645508,41.859457221006316,41.24155198908934,41.27169243338307,2006176,BWA
2014-02-13,42.89935302734375,43.14048638656272,41.28676409519869,41.5128272317453,1886214,BWA
2014-02-14,43.675506591796875,43.901569742883886,43.261057481470694,43.313804896960214,2545776,BWA
2014-02-18,43.78101348876953,44.067360857469765,43.554950292241124,43.78854696936107,2075018,BWA
2014-02-19,44.66265106201172,45.02435273637627,43.660433896999535,43.69057434257697,2330163,BWA
2014-02-20,45.52922439575195,45.649792703660836,44.4742598652665,44.62497188289606,2335275,BWA
2014-02-21,46.08684539794922,46.37319265936537,45.333298426360386,45.5216876183726,1904618,BWA
2014-02-24,46.192359924316406,46.47870728769541,46.07932506266484,46.20743015070733,1385920,BWA
2014-02-25,45.97383117675781,46.42595757089622,45.83065585932124,46.25264180004558,1127253,BWA
2014-02-26,45.86832809448242,46.32799118496875,45.66487189223788,46.03411036678081,1103624,BWA
2014-02-27,46.26017761230469,46.29785481105564,45.65734243228937,45.8080512272932,1147814,BWA
2014-02-28,46.30537796020508,46.58418849599657,45.86078518619827,46.260164028785105,1490773,BWA
2014-03-03,45.81557846069336,46.094392305823824,45.19013639361034,45.80804498126308,1525307,BWA
2014-03-04,46.73490905761719,46.847940649245636,46.10193018520521,46.37320731130859,1455443,BWA
2014-03-05,46.30537796020508,46.795181400144976,46.13206224374436,46.674613093349635,2009811,BWA
2014-03-06,46.6068115234375,46.77259055329703,46.32799762607374,46.53899060293496,904824,BWA
2014-03-07,46.19987869262695,46.78010998055233,46.00395601547205,46.72736257223734,1165082,BWA
2014-03-10,46.38827133178711,46.418415044815035,45.883397609813954,46.16220817877042,912549,BWA
2014-03-11,46.07932662963867,46.53898977586426,45.89847737582189,46.418424695149056,1323781,BWA
2014-03-12,46.252628326416016,46.267701814219976,45.491547811794554,45.815572286301325,1290723,BWA
2014-03-13,45.74022674560547,46.538984603071825,45.52923379594572,46.41841953575739,1737171,BWA
2014-03-14,46.06424331665039,46.37319757509725,45.416194354512264,45.52922592240935,1403074,BWA
2014-03-17,46.23757553100586,46.92330192700513,45.80805607290759,46.282789480484915,1722858,BWA
2014-03-18,46.84793472290039,46.885611915343645,46.25263312300459,46.35059447645451,692960,BWA
2014-03-19,46.26770782470703,46.93082708218123,45.973823756656735,46.88561314386968,1285384,BWA
2014-03-20,47.036312103271484,47.096596253279216,46.10945268517685,46.16973683518458,1125890,BWA
2014-03-21,46.52390670776367,47.5035169029314,46.5012997409044,47.49598015881596,1538826,BWA
2014-03-24,45.76283645629883,46.70476967355297,45.408671447532235,46.63694875773312,1470893,BWA
2014-03-25,45.12232208251953,46.16221335612344,44.90379238413502,45.928613432278404,1724562,BWA
2014-03-26,45.250423431396484,45.95121993023057,44.91886214723931,45.48402335283705,1546210,BWA
2014-03-27,44.941463470458984,45.25041774509009,44.55715481328246,45.18259684150689,1272434,BWA
2014-03-28,45.22779846191406,45.581963310342694,44.94898797551222,45.159980842284476,1206773,BWA
2014-03-31,46.320457458496094,46.3807416239665,45.58198051334298,45.62719445381767,1281635,BWA
2014-04-01,47.52613067626953,47.563807871268594,46.184818615717916,46.561590565708535,1387283,BWA
2014-04-02,47.925506591796875,48.1440330028965,47.63162252993595,47.63162252993595,1383648,BWA
2014-04-03,47.62410354614258,48.13651417506656,47.375433345952736,47.95566163607017,979118,BWA
2014-04-04,46.795188903808594,48.09128698048529,46.65955035328575,48.038539562361805,1322077,BWA
2014-04-07,45.408660888671875,46.65200813588835,45.197667975440766,46.55405005607304,1906662,BWA
2014-04-08,45.589515686035156,45.81557884963579,45.17506655276731,45.3333088079953,1489637,BWA
2014-04-09,46.81024932861328,46.85546325781796,45.86078293920882,45.87585316044814,1911888,BWA
2014-04-10,45.5141487121582,46.900671024786774,45.5141487121582,46.80271296003808,1033192,BWA
2014-04-11,44.66265106201172,45.67240170567473,44.6174371281585,45.28809306438357,1196776,BWA
2014-04-14,45.484012603759766,45.53676001260691,44.65511122200199,45.15245139795929,1578699,BWA
2014-04-15,45.92107009887695,46.16220345096777,44.85103533846474,45.57443866022413,1324917,BWA
2014-04-16,46.765037536621094,46.976030425341214,46.290301087885844,46.49376049891142,1276069,BWA
2014-04-17,47.164424896240234,47.5336600692912,46.561586562596496,46.67461813787584,875856,BWA
2014-04-21,47.57135009765625,47.84262725772273,46.90823069065117,47.08908321919154,1089310,BWA
2014-04-22,47.76725769042969,48.14402959009122,47.51105410485467,47.54119455063276,1457034,BWA
2014-04-23,47.842620849609375,47.9707226659039,47.39802796713254,47.70698228774377,1116234,BWA
2014-04-24,48.03854751586914,48.40024928865278,47.63916854311821,48.15911586195967,1505541,BWA
2014-04-25,46.44855499267578,48.00839334410048,46.373200609147524,47.827544129827565,1551435,BWA
2014-04-28,46.20742416381836,46.88561365293073,45.19013666466238,46.75751184697366,1818395,BWA
2014-04-29,46.07932662963867,46.59927394896584,45.79297925652214,46.49377909515404,1482026,BWA
2014-04-30,46.9212532043457,46.96655976585923,45.75086751107425,46.03024924793592,2909750,BWA
2014-05-01,45.8036994934082,47.22326727477435,45.71308968902905,46.87592587378314,3290992,BWA
2014-05-02,45.7961540222168,46.158596565007365,45.343101661772515,45.91696929387222,2293243,BWA
2014-05-05,45.68290328979492,45.79616641054482,45.19209643321205,45.55453907404703,1503610,BWA
2014-05-06,45.426170349121094,45.90942828113366,45.27515285890026,45.69800314038919,1604259,BWA
2014-05-07,45.25249481201172,45.75840265991941,44.82209242362107,45.56207864864733,1140317,BWA
2014-05-08,45.16941833496094,46.09817606921212,45.00329983690844,45.19207160109873,922773,BWA
2014-05-09,44.640872955322266,45.28269717728453,44.4369967611935,45.19208735332504,1343661,BWA
2014-05-12,46.14348602294922,46.196341466406686,44.920242282554845,44.98819881383229,1260960,BWA
2014-05-13,45.93962860107422,46.317172284372866,45.758405669785176,46.21901027227999,866768,BWA
2014-05-14,45.56962966918945,46.098190777568036,45.50167312126826,45.90187004347578,743966,BWA
2014-05-15,44.59556579589844,45.37330637922593,43.97639158428228,45.32800310395522,1762277,BWA
2014-05-16,45.09391784667969,45.146773295849776,44.20291103072496,44.6182122597981,1371038,BWA
2014-05-19,45.28269958496094,45.509225792992,44.867401536904,45.03352010169155,1096126,BWA
2014-05-20,44.844749450683594,45.36576170627486,44.58801777813572,45.35065734093142,1217906,BWA
2014-05-21,45.66780090332031,45.78106402086715,44.829652524603134,44.94291564214997,1403869,BWA
2014-05-22,46.105751037597656,46.40778600959064,45.67534858476652,45.781062788269914,1698434,BWA
2014-05-23,46.94389724731445,47.15532237247775,46.000038002992824,46.075546742538556,1510766,BWA
2014-05-27,47.087371826171875,47.449814476690214,46.95900433481779,47.117574016974785,1040008,BWA
2014-05-28,47.291236877441406,47.52531526959496,46.77022463198946,47.14021940435553,1302538,BWA
2014-05-29,47.449806213378906,47.72918788227033,47.049609257962274,47.39695075259017,723746,BWA
2014-05-30,47.4875602722168,47.88020504260315,47.29123625093557,47.36674498647818,1684802,BWA
2014-06-02,47.8046989440918,47.84245331394573,46.951449530957625,47.487562891754,1095331,BWA
2014-06-03,48.174686431884766,48.32570388841629,47.62347206110954,47.6989807893753,1218587,BWA
2014-06-04,48.62019729614258,48.748561499307314,47.54041839089582,47.9255142725663,1379899,BWA
2014-06-05,49.19406509399414,49.360183667266696,48.748561565471974,48.94488559799717,1948922,BWA
2014-06-06,49.95669937133789,50.122817926972694,49.23936314658698,49.382831700407536,2395483,BWA
2014-06-09,49.76792526245117,50.228529814511845,49.65466216986337,49.91139053752539,919933,BWA
2014-06-10,49.888736724853516,50.08506072541875,49.45833763211131,49.55649963239392,1173602,BWA
2014-06-11,49.89628982543945,49.97935073617199,49.458338543003535,49.56404945468512,896758,BWA
2014-06-12,48.68059539794922,49.7603708193162,48.50692467610547,49.7603708193162,1733195,BWA
2014-06-13,49.17141342163086,49.30732981226081,48.4918314684811,48.65795331934903,957534,BWA
2014-06-16,49.18650817871094,49.586705115937775,48.77121014939886,49.04304289563716,1052163,BWA
2014-06-17,49.13365173339844,49.57160302812943,48.89957335816307,49.08834518587678,803266,BWA
2014-06-18,49.043052673339844,49.23937345394041,48.41632614118013,49.194070168652566,1386488,BWA
2014-06-19,49.14876174926758,49.262024866461324,48.952437703927814,49.20161721618936,1048528,BWA
2014-06-20,48.824066162109375,49.51119694546109,48.74100524643354,49.12610109594731,1897688,BWA
2014-06-23,48.778770446777344,49.03550216086451,48.688160600936996,48.86938356479442,1273342,BWA
2014-06-24,48.09162521362305,48.96753103693685,48.023668667489815,48.70324721752513,1132478,BWA
2014-06-25,48.725914001464844,48.78632165487575,47.7291959006266,47.88021339806553,1313330,BWA
2014-06-26,49.1260986328125,49.216711726161435,48.0010165973711,48.76365607594429,1806808,BWA
2014-06-27,49.35261917114258,49.647105146457385,48.74854940291791,49.02793101628672,923909,BWA
2014-06-30,49.22426986694336,49.428142820859456,48.929787074861935,49.337532982694135,1091355,BWA
2014-07-01,49.89628982543945,50.100162739211534,49.36772872267992,49.5262950902023,910618,BWA
2014-07-02,50.304054260253906,50.960979748082345,49.86610284430934,49.8887528521632,1547459,BWA
2014-07-03,50.59851837158203,50.6513770961641,50.213422570008774,50.30403565662055,585154,BWA
2014-07-07,50.387107849121094,50.61363735893058,50.19078707314514,50.4324144055183,853818,BWA
2014-07-08,50.25873947143555,50.41730913351112,49.594261908331454,50.13037526851432,1647086,BWA
2014-07-09,50.8779182434082,50.89301933822972,50.19833625467425,50.296498279278964,1278227,BWA
2014-07-10,49.94915008544922,50.96096911421233,49.79813261299289,50.069965372284734,1921771,BWA
2014-07-11,49.97935104370117,50.032206499867186,49.609356306187394,49.873636859193304,1430565,BWA
2014-07-14,49.760372161865234,50.43240179544856,49.465889435445206,50.43240179544856,1769774,BWA
2014-07-15,49.36016845703125,49.934036012056254,49.246905382132255,49.662203323428564,1931882,BWA
2014-07-16,49.21671676635742,49.80568557256153,49.14875693938608,49.49609844032537,1898483,BWA
2014-07-17,48.4465217590332,49.58670492582536,48.3559086625172,48.97508288522211,1908707,BWA
2014-07-18,49.21671676635742,49.30732659680971,48.38611738271233,48.64284578102316,1134296,BWA
2014-07-21,48.952430725097656,49.55650386952203,48.8542687164221,49.080798190691254,791110,BWA
2014-07-22,49.60935974121094,49.7905826676972,49.28467152774377,49.34507916990585,1359338,BWA
2014-07-23,49.43568420410156,49.835881113426865,49.26956565839363,49.80567893136205,856090,BWA
2014-07-24,49.50364303588867,49.79057684849155,49.390376674962575,49.68486266901908,1055571,BWA
2014-07-25,49.715065002441406,49.94914336211137,49.246911555277165,49.246911555277165,1085562,BWA
2014-07-28,49.45079803466797,49.662223180116285,48.899583528663044,49.6546742687432,1000475,BWA
2014-07-29,48.725914001464844,49.80569303476517,48.718365089898896,49.3752905493229,1138613,BWA
2014-07-30,48.70325469970703,48.884477637529486,48.12938697153366,48.846723267838506,2586672,BWA
2014-07-31,47.00429153442383,47.902847242947686,46.445525057285174,47.88019397308694,2866582,BWA
2014-08-01,45.99247360229492,46.98919131726211,45.637580002966246,46.8004195185449,2199750,BWA
2014-08-04,46.83062744140625,46.93634162495933,46.067987972178216,46.25675979404894,1390918,BWA
2014-08-05,46.35491943359375,46.97409359551702,46.29451179923836,46.453081430399315,1798515,BWA
2014-08-06,45.89432144165039,46.34737385560131,45.879220348953915,46.03023782027089,1567907,BWA
2014-08-07,45.879215240478516,46.581447058346825,45.69799233177097,46.27185996774793,1782838,BWA
2014-08-08,46.75511932373047,46.815526961953765,45.91697111479986,45.95472547966744,1389669,BWA
2014-08-11,46.6947021484375,46.99673700568961,46.656947791280984,46.78531522335327,929930,BWA
2014-08-12,46.55879592895508,46.93634285476464,46.34737082848505,46.581449202608276,712954,BWA
2014-08-13,46.98920440673828,47.07981424092805,46.43043776357812,46.875941295956984,1029102,BWA
2014-08-14,47.132659912109375,47.17796645587908,46.64940538205213,46.87593155654939,790997,BWA
2014-08-15,46.93635177612305,47.54797392013314,46.56635696193029,47.38185206321824,967304,BWA
2014-08-18,47.132659912109375,47.4195937209077,46.98164246244453,47.306330633659066,954013,BWA
2014-08-19,47.4875602722168,47.54041573266141,47.02695567653643,47.328990618706875,839731,BWA
2014-08-20,48.11428451538086,48.32570963409753,47.162873117243954,47.41960151500094,1075451,BWA
2014-08-21,47.351646423339844,48.250202387603615,47.33654532985984,48.24265020477548,1051709,BWA
2014-08-22,46.98920440673828,47.21573062830086,46.732472725661566,47.19307735170934,1064432,BWA
2014-08-25,47.12510299682617,47.540400912849336,47.01183992881985,47.35918131290926,713522,BWA
2014-08-26,46.679603576660156,47.306326593682016,46.64940139817672,47.276124415198574,844389,BWA
2014-08-27,46.79287338256836,46.966544114258575,46.521040648429256,46.85328102039659,550392,BWA
2014-08-28,46.87610626220703,47.06527491230914,46.39940060813884,46.61127015206409,982413,BWA
2014-08-29,47.05770492553711,47.148508497107144,46.808001661828115,47.13337238247594,899371,BWA
2014-09-02,47.4360466003418,47.64034808305097,46.936640061226605,47.08797497864886,1097035,BWA
2014-09-03,47.496578216552734,47.821948924225254,47.436043597604844,47.73114535627633,1257325,BWA
2014-09-04,47.708457946777344,48.13976187056125,47.50415315425167,47.50415315425167,1137250,BWA
2014-09-05,47.814388275146484,47.85222200796877,47.11824496797276,47.62521961103508,1170989,BWA
2014-09-08,47.31499099731445,47.897633220629345,47.00475301552485,47.49659491801641,1398075,BWA
2014-09-09,46.777748107910156,47.39065597950311,46.69451257209452,47.13338459183533,1319464,BWA
2014-09-10,46.4145393371582,46.94421162469166,46.35400470562913,46.76261100915927,1165877,BWA
2014-09-11,46.3010368347168,46.36913624386868,45.86216486725256,46.10430010752618,1054208,BWA
2014-09-12,45.55192947387695,46.34644120617623,45.36276079453306,46.202671042441914,1201093,BWA
2014-09-15,44.40934753417969,45.7335316125996,44.3866499151489,45.45356261368775,1971755,BWA
2014-09-16,44.15208053588867,44.439617601027656,43.86454347074969,44.16721337530543,2637451,BWA
2014-09-17,43.72834396362305,44.65905463140324,43.592141842645766,44.348819928180056,2602576,BWA
2014-09-18,44.1445198059082,44.295854783312016,43.743481459976955,43.796448046257154,1973686,BWA
2014-09-19,43.735897064208984,44.40177132197086,43.68292722262861,44.36393759458728,2030146,BWA
2014-09-22,43.01706314086914,43.66780471742613,42.90356193186885,43.622402922204024,1874286,BWA
2014-09-23,42.616031646728516,43.27434138670417,42.547928943081644,42.91113680442066,1515992,BWA
2014-09-24,43.001922607421875,43.11542379611237,42.14687638442158,42.616017254252455,2146699,BWA
2014-09-25,42.616031646728516,43.3273079701703,42.49496235961551,42.99436907013729,2056046,BWA
2014-09-26,42.616031646728516,42.94140248667116,42.46469667736501,42.668998230194646,1646291,BWA
2014-09-29,41.0951042175293,42.214986751377076,41.07240331984705,42.214986751377076,3363242,BWA
2014-09-30,39.808753967285156,41.0951042879143,39.04451117802205,41.0951042879143,6115315,BWA
2014-10-01,40.36111831665039,40.70918992782321,39.49850734598247,39.74064582978318,3749141,BWA
2014-10-02,40.88323211669922,41.110234521414625,40.3384270011932,40.40652641098591,3065950,BWA
2014-10-03,41.057273864746094,41.42804647996617,40.84540426734251,41.223741663043455,2792288,BWA
2014-10-06,40.90593338012695,41.48857551403641,40.89836532161327,41.42047282457767,2174758,BWA
2014-10-07,39.74065399169922,40.82269949660546,39.74065399169922,40.69406545007645,1758528,BWA
2014-10-08,40.46705627441406,40.51245806163078,39.40014378631083,39.63471094278546,2783541,BWA
2014-10-09,38.908302307128906,40.48218940750087,38.74939932975887,40.391389111455595,2548048,BWA
2014-10-10,39.24126052856445,39.68770073034723,38.688887142117856,38.80995317043993,4235576,BWA
2014-10-13,38.01542663574219,39.687682134242365,38.00029052012008,39.32447438229303,3018920,BWA
2014-10-14,39.68010711669922,40.050879582373085,38.51482644050785,38.885595627127785,4061995,BWA
2014-10-15,39.61201477050781,39.89955508507956,38.49970036261182,39.634715666821876,3945555,BWA
2014-10-16,41.254005432128906,41.83664757145265,38.80993894945762,38.82507506662565,4044501,BWA
2014-10-17,41.60205841064453,42.97920836218127,41.382620879912906,42.033362137871,3495358,BWA
2014-10-20,41.306976318359375,41.866917619455435,41.049708206406585,41.412912754323315,1357747,BWA
2014-10-21,42.70682907104492,42.70682907104492,41.60964733864623,41.760982297728084,1667080,BWA
2014-10-22,42.16201400756836,42.84302116407,42.06364565137389,42.767353702236484,1710021,BWA
2014-10-23,42.767356872558594,43.244062573258596,42.37388669766747,42.51008551582054,2005494,BWA
2014-10-24,42.60087966918945,42.92625036297483,42.1695725770032,42.92625036297483,1912342,BWA
2014-10-27,41.82150650024414,42.29064737956383,41.46587009096506,42.29064737956383,1846568,BWA
2014-10-28,43.22135925292969,43.319727610898674,41.92744432061317,42.08634730495189,1433973,BWA
2014-10-29,43.024627685546875,43.8872387709248,42.66142319060115,43.410533076249465,2100010,BWA
2014-10-30,41.14051055908203,41.52641602515939,39.95252847996579,41.14807533977539,7657322,BWA
2014-10-31,43.14569091796875,43.19109270659234,41.78367332886051,42.01067571386947,3816278,BWA
2014-11-03,43.18352127075195,43.614828391773365,42.74464937158803,42.74464937158803,2528168,BWA
2014-11-04,42.15445327758789,43.130565672353256,41.82151442021204,42.88843040820586,1727288,BWA
2014-11-05,43.372711181640625,43.395412085309964,42.38146571354515,42.570634445696506,1995952,BWA
2014-11-06,44.45474624633789,44.4850152013708,43.387833621815275,43.425667356315294,2200886,BWA
2014-11-07,43.64510726928711,44.553120292108815,43.39540393394028,44.401785334814406,1885533,BWA
2014-11-10,42.563053131103516,43.44079701896666,42.19228059267228,43.44079701896666,3860810,BWA
2014-11-11,41.99553680419922,42.820313984556705,41.912304575831854,42.494943290619496,3606232,BWA
2014-11-12,41.80636978149414,42.05607303428541,41.67016770914853,41.76096799769422,4029619,BWA
2014-11-13,41.84421157836914,42.1393166718742,41.75341127231174,41.9577127807046,3393914,BWA
2014-11-14,41.753421783447266,41.85179017271251,41.397781970022486,41.798823587432956,3492632,BWA
2014-11-17,42.351192474365234,42.608460592583015,41.60964724172511,41.7307165203307,2053093,BWA
2014-11-18,43.312171936035156,43.592140952906995,42.57819476548717,42.57819476548717,2704702,BWA
2014-11-19,43.198665618896484,43.29703070687736,42.69925900413341,43.27433308906939,2474662,BWA
2014-11-20,43.64510726928711,43.89481060463393,42.73709752552063,42.850598743491446,1784542,BWA
2014-11-21,44.05370330810547,44.45474150686059,43.9780358471726,44.09153703857191,2171464,BWA
2014-11-24,43.9856071472168,44.560681204319096,43.607266535609185,44.220174325966774,1247555,BWA
2014-11-25,43.26676559448242,44.288279734188514,43.24406469732364,44.06884210039346,1576882,BWA
2014-11-26,43.1909294128418,43.37294714978979,42.811729902359176,43.2136820407762,1631182,BWA
2014-11-28,42.89516067504883,43.41087605956635,42.8269060636871,43.388123426936474,1013880,BWA
2014-12-01,43.09233474731445,43.21367989926637,42.46286293380214,42.82689510313082,1801355,BWA
2014-12-02,43.4184455871582,43.50945609149235,42.97857353347532,43.153005951413164,1521899,BWA
2014-12-03,44.5560417175293,44.60912898070656,43.53219996455327,43.61562515420792,1711952,BWA
2014-12-04,44.009971618652344,44.54085386528046,43.84312460278209,44.54085386528046,1360246,BWA
2014-12-05,43.585296630859375,44.169263180814035,43.471533498762234,44.0555033352439,1319918,BWA
2014-12-08,42.51594161987305,43.68387779034997,42.462854359061915,43.63079052953883,1557570,BWA
2014-12-09,42.447696685791016,42.49319865402934,41.74238166956195,42.02299192973711,1872810,BWA
2014-12-10,40.51376724243164,42.47044363797486,40.46067997665058,42.34151319554367,2539187,BWA
2014-12-11,40.506187438964844,41.30250632877902,40.41517693662172,40.69578717463489,1770683,BWA
2014-12-12,40.01322555541992,40.57444275495797,39.998058233600396,40.03597818141269,2340046,BWA
2014-12-15,40.01322555541992,40.498602859333396,39.800873190365714,40.16490534666908,2566678,BWA
2014-12-16,38.93629837036133,40.24833257461335,38.898378420638224,39.86913307738229,3949418,BWA
2014-12-17,39.77812194824219,39.96013637442433,38.898374599939224,39.141064883551124,2913386,BWA
2014-12-18,40.657867431640625,40.657867431640625,39.952552467574485,40.46068239094298,1996747,BWA
2014-12-19,41.57553482055664,42.00782488409881,40.71095797999947,40.900557731894395,3738576,BWA
2014-12-22,41.605873107910156,41.947152664234075,41.46936062807515,41.71204765526672,1461010,BWA
2014-12-23,42.766204833984375,42.89513195051434,41.96988623088523,42.03055549523413,2475344,BWA
2014-12-24,42.22016143798828,42.85721505095523,42.1974088189839,42.811713099472406,584358,BWA
2014-12-26,42.22774887084961,42.667620844105166,42.19741423263599,42.37184661868017,918683,BWA
2014-12-29,42.66762924194336,43.00132676060321,42.022990117552204,42.136749963033,991387,BWA
2014-12-30,41.99264907836914,42.84964379471849,41.96231443643056,42.63729144156816,1443629,BWA
2014-12-31,41.674137115478516,42.31119440306069,41.62863184974839,42.068504034537234,1152926,BWA
2015-01-02,41.514854431152344,42.01539899658266,41.0749824322176,41.89405715011805,1831118,BWA
2015-01-05,40.31658935546875,41.37076590091047,39.907051937722485,41.3328459522225,2986090,BWA
2015-01-06,40.03598403930664,40.58961601567652,39.39892685093253,40.468274136839135,2406957,BWA
2015-01-07,40.97639465332031,40.98397995745546,40.18765777086898,40.24074504023424,1477141,BWA
2015-01-08,41.674137115478516,41.80306431967664,41.105337726491534,41.38594476775286,2156810,BWA
2015-01-09,40.589603424072266,41.93955728876236,40.47584359928083,41.74995758077663,1898370,BWA
2015-01-12,39.527854919433594,40.49860632377627,39.33066985933077,40.437933744781006,2005722,BWA
2015-01-13,39.01212692260742,40.26348818602185,38.405407903510074,39.76294368065608,2626773,BWA
2015-01-14,39.23207473754883,39.368587209638164,36.70659893368666,38.3599126343467,7147030,BWA
2015-01-15,38.268898010253906,39.52784465968694,38.23856337189346,39.323074347911664,2818075,BWA
2015-01-16,38.52676773071289,38.56468768388358,37.821452657905226,38.03380505296656,1985728,BWA
2015-01-20,40.01322555541992,40.02839616376639,38.458504408589114,38.78461661708019,5142899,BWA
2015-01-21,40.589603424072266,40.95363552071015,39.67952482574076,39.90704447532363,3720968,BWA
2015-01-22,41.80305480957031,41.931985270964965,40.604783712069626,40.97639791372184,2783882,BWA
2015-01-23,41.54520034790039,41.93956717617895,41.24942276179609,41.64379287660182,2512605,BWA
2015-01-26,41.583126068115234,41.68930062973952,41.31010107175618,41.393526289123564,1281635,BWA
2015-01-27,41.621036529541016,41.86372353398434,40.892972229684155,41.07498666138493,1741829,BWA
2015-01-28,40.43792724609375,41.85613581689817,40.316585394130996,41.6892887163702,1854406,BWA
2015-01-29,41.484535217285156,41.6362150466633,40.43035843119034,40.62754023746528,1767162,BWA
2015-01-30,40.96122360229492,41.43143353921792,40.726118633833416,41.01431086682688,2801262,BWA
2015-02-02,42.11399459838867,42.17466716933891,40.87780041404208,41.06740343070911,1933245,BWA
2015-02-03,43.25160217285156,43.42603460570909,42.47803253900751,42.53870511824411,2104781,BWA
2015-02-04,43.562538146972656,43.865897694369636,42.91789582222751,43.236425976215585,2244963,BWA
2015-02-05,44.22233963012695,44.36643737117093,43.524613405337455,43.62320590467782,1886101,BWA
2015-02-06,44.41194152832031,44.91248602873181,44.138916657818385,44.41194152832031,2618821,BWA
2015-02-09,43.22883987426758,44.19200904867971,43.12266534925083,44.0403292777835,2445240,BWA
2015-02-10,43.91141128540039,44.01758583255464,43.29710677057704,43.82798607940264,1425226,BWA
2015-02-11,44.00242614746094,44.10860071304476,43.62322657533623,43.88108096976993,1743987,BWA
2015-02-12,46.550636291503906,46.596141539538124,44.64705047548139,44.94282801465046,3111958,BWA
2015-02-13,45.63296890258789,46.072840883383904,45.086919113171376,45.89082647792934,2779565,BWA
2015-02-17,45.92875289916992,46.0425127402597,45.610222714897056,45.77707311105022,2060022,BWA
2015-02-18,45.7315673828125,45.822574597429316,45.26894271926397,45.7315673828125,1671510,BWA
2015-02-19,45.951499938964844,45.98941988138534,45.24618506611198,45.55712990857058,1367290,BWA
2015-02-20,46.4899787902832,46.54306606875792,45.359958898803114,45.94392882160752,1352862,BWA
2015-02-23,46.429290771484375,46.61130517618267,46.125927952776564,46.26244039956348,1198821,BWA
2015-02-24,46.30795669555664,46.55822902663996,46.20936416676295,46.45963649784626,1156448,BWA
2015-02-25,46.86157989501953,46.95258710212179,46.277613422376234,46.43687521317356,1491795,BWA
2015-02-26,46.77799987792969,46.96039811059833,46.550000440365416,46.86159769562909,1577563,BWA
2015-02-27,46.70958709716797,46.937586481168665,46.35238872092478,46.67918849668368,1546096,BWA
2015-03-02,47.8875846862793,48.107986055281025,46.8007837276244,46.8007837276244,2668805,BWA
2015-03-03,47.857181549072266,48.054779009989055,47.44678074232689,47.62918219869895,3008128,BWA
2015-03-04,47.24919128417969,47.99399329227818,47.112390982558665,47.85719299065716,2887485,BWA
2015-03-05,47.150386810302734,47.636787474775865,47.0667890118078,47.325186997637516,2151357,BWA
2015-03-06,46.10158157348633,47.05157885914845,45.80518044428635,46.99837966984251,2458872,BWA
2015-03-09,46.154788970947266,46.428389555257276,46.040789276394136,46.08639047159789,1521672,BWA
2015-03-10,45.15158462524414,45.88118391668582,45.15158462524414,45.70638374337626,1715360,BWA
2015-03-11,44.551177978515625,45.1895780910725,44.50558008769721,45.03757853476688,1999133,BWA
2015-03-12,45.660797119140625,45.69879702300457,44.657597022367,44.733596830094896,1720472,BWA
2015-03-13,44.687984466552734,45.56958333338593,44.33078611813884,45.432783054952374,1534054,BWA
2015-03-16,45.73677062988281,45.74436863021298,44.9539691082199,45.022370871920515,1819872,BWA
2015-03-17,45.16677474975586,45.66837457241556,45.11357556697808,45.38717606905705,1396826,BWA
2015-03-18,46.12438201904297,46.34478007122717,44.46758280601728,44.76398064081061,1878944,BWA
2015-03-19,45.70637893676758,45.83558119918472,45.417579110382235,45.80517931072251,1281862,BWA
2015-03-20,45.949581146240234,46.61837988149774,45.91917925759568,45.91917925759568,1822826,BWA
2015-03-23,46.0027961730957,46.2155962930513,45.81279665410976,45.949596966470985,948674,BWA
2015-03-24,45.59238052368164,46.11678100293664,45.58478252144806,45.83558246426953,1267776,BWA
2015-03-25,44.87039566040039,45.77479531855951,44.85519306459164,45.59239380996416,2195774,BWA
2015-03-26,44.93877410888672,45.18197271833667,44.62717372919902,44.69557549943677,2639496,BWA
2015-03-27,45.136383056640625,45.48598338568149,44.80198202593723,45.04518397315997,1578018,BWA
2015-03-30,46.43598556518555,46.60318774478331,45.54678864453825,45.607585844258054,1472029,BWA
2015-03-31,45.96478271484375,46.52718310127114,45.949583416498314,46.13198158355512,1405914,BWA
2015-04-01,45.66838455200195,46.1699844842727,45.2199871075902,45.995184308271924,2055933,BWA
2015-04-02,46.42838668823242,46.54998767229588,45.59998698289424,45.797587758633334,1151336,BWA
2015-04-06,47.180782318115234,47.651980325030614,46.063582847154514,46.253582309092636,2855109,BWA
2015-04-07,46.35238265991211,47.119981803059396,46.26118028347247,47.04398201833019,1286747,BWA
2015-04-08,46.793182373046875,46.81598296730443,46.23078198633541,46.428382745293234,1183258,BWA
2015-04-09,46.89958190917969,47.05918277945463,46.55758286726696,46.663984545268875,797358,BWA
2015-04-10,46.595584869384766,46.96038452262432,46.29158570726114,46.929985923794355,1118165,BWA
2015-04-13,45.987586975097656,46.732385587955214,45.926786483413274,46.549987406358106,787930,BWA
2015-04-14,46.01038360595703,46.26118026067523,45.73678306368442,46.04838349830291,1056366,BWA
2015-04-15,46.16238784790039,46.390387225053765,45.843186085120806,46.16238784790039,1249259,BWA
2015-04-16,46.27638244628906,46.4967805025788,45.926782122392545,46.071180394657446,863701,BWA
2015-04-17,46.147186279296875,46.223186073368815,45.30358724771594,45.78998790585001,2080130,BWA
2015-04-20,46.47399139404297,46.8311931020014,46.24599198562177,46.45119408796607,990251,BWA
2015-04-21,46.321983337402344,46.99838343505608,46.13958516132489,46.549985997683045,885739,BWA
2015-04-22,46.35238265991211,46.428382444641315,45.88878265568165,46.35238265991211,981050,BWA
2015-04-23,46.12438201904297,46.46638104078403,45.77478170165874,46.071179536452064,1580290,BWA
2015-04-24,46.20038604736328,46.3827842250049,45.78998520748571,46.306784435411565,1007405,BWA
2015-04-27,46.5347900390625,46.641191734822755,46.01039273799056,46.276392037206605,1353090,BWA
2015-04-28,46.41318893432617,46.60318841984301,46.010389366339254,46.59558712303987,1360701,BWA
2015-04-29,46.2991828918457,46.8159820802499,45.82038030187647,46.4131825675177,1809648,BWA
2015-04-30,44.99198532104492,45.28838648442308,43.456786895625854,43.593587179226844,4781310,BWA
2015-05-01,45.21998977661133,45.371989365852,44.71078851789012,45.3111888714645,2562930,BWA
2015-05-04,45.99518966674805,46.01799026513591,45.22759037958027,45.22759037958027,3038573,BWA
2015-05-05,46.0027961730957,46.86159465760349,45.78239475499797,45.99519487495357,2168510,BWA
2015-05-06,46.07118606567383,46.32198604251851,45.774788188874915,46.16998645575884,1828165,BWA
2015-05-07,46.01038360595703,46.34478134121846,45.94198182366101,46.033180906599966,1161787,BWA
2015-05-08,46.565181732177734,46.739981892053486,46.3219797914172,46.35997968297907,1202229,BWA
2015-05-11,46.154788970947266,46.94518882925605,46.13198837334539,46.64118964378103,1305491,BWA
2015-05-12,46.31439208984375,46.5271921886097,45.80519079489994,46.08639268976374,1336050,BWA
2015-05-13,46.572776794433594,46.73997894151547,46.10157882750264,46.42077723778132,1199162,BWA
2015-05-14,46.8615837097168,46.92998549664563,46.55758455036012,46.73998602204771,1065114,BWA
2015-05-15,46.98318099975586,47.005981593607544,46.587982782330876,46.81598213393633,822010,BWA
2015-05-18,46.88438034057617,47.074379799106765,46.70958018003689,46.84638044887005,1378082,BWA
2015-05-19,46.35238265991211,47.0667826124401,46.22318039110786,46.899580451271255,1221541,BWA
2015-05-20,46.20038604736328,46.67158408415076,46.002785277038235,46.557584399760756,1022968,BWA
2015-05-21,46.77799987792969,46.8843982980769,46.08640026660195,46.08640026660195,902552,BWA
2015-05-22,46.43598556518555,46.75518733099503,46.28398597897383,46.67918753788917,580155,BWA
2015-05-26,45.91158676147461,46.27638641476873,45.73678658453618,46.13958613310144,1037850,BWA
2015-05-27,46.20038604736328,46.268784540614895,45.90398489187571,45.97998468146904,785317,BWA
2015-05-28,45.98713684082031,46.25370620794728,45.58347399621082,46.1013808553033,1395917,BWA
2015-05-29,45.811954498291016,46.1242227401115,45.44637305190741,45.92619849400376,1871901,BWA
2015-06-01,46.35271072387695,46.52788551071038,45.67486103578488,45.949047945655806,1513266,BWA
2015-06-02,46.60403060913086,46.85536796502944,45.987111944699166,46.116587764249076,1276864,BWA
2015-06-03,46.93155288696289,47.46469158576754,46.27655259393998,46.64213407608034,1737285,BWA
2015-06-04,46.101383209228516,46.68022089903683,45.92620838464062,46.543127414554355,1884738,BWA
2015-06-05,45.74340057373047,46.07851823416011,45.5834609794353,45.91857533935122,1783747,BWA
2015-06-08,45.61393737792969,46.177543158466754,45.606323090667814,45.697717641412716,1223586,BWA
2015-06-09,45.69009780883789,45.88050448874934,45.23312177705041,45.659634060257844,982072,BWA
2015-06-10,46.428871154785156,46.52788327306091,45.811952287501896,46.070904011748674,1396939,BWA
2015-06-11,46.3070182800293,46.771611914349364,46.22324131844859,46.45172934178346,1093854,BWA
2015-06-12,46.07853698730469,46.22324807019655,45.86528080760594,45.987142424723814,1071930,BWA
2015-06-15,45.73579788208008,45.94143644145157,45.35498451268303,45.59870440899423,1224381,BWA
2015-06-16,45.8424186706543,45.98712971354697,45.56061747204056,45.76625600613631,768845,BWA
2015-06-17,46.07853698730469,46.20039860442256,45.69772355945516,45.857666519357984,1470552,BWA
2015-06-18,46.39079666137695,46.54312200409139,45.95666679422927,46.16992293413236,885739,BWA
2015-06-19,45.97951126098633,46.299397086349,45.60631553208199,46.14707176018167,2874534,BWA
2015-06-22,46.291778564453125,46.520266549087246,46.101371910591354,46.33747748158556,1113394,BWA
2015-06-23,46.01760482788086,46.489816104964376,45.83481570808496,46.34510502632057,1465554,BWA
2015-06-24,45.49205780029297,46.025199620080954,45.29403690201324,45.92618752068443,2588830,BWA
2015-06-25,45.27122116088867,46.002384423440475,45.217907929362475,45.60633903143983,1822598,BWA
2015-06-26,45.30928039550781,45.522536518032986,44.95131322888755,45.45398813908873,1620845,BWA
2015-06-29,43.76320266723633,44.837098261372816,43.55756399828917,44.71523989854162,2566338,BWA
2015-06-30,43.29095458984375,44.151596496128285,43.161478744845915,44.151596496128285,2690957,BWA
2015-07-01,43.73271942138672,43.91550853447023,43.41283352271831,43.78603263765984,1986637,BWA
2015-07-02,43.90788269042969,43.95358161036545,43.62608148553044,43.78602440479137,1768638,BWA
2015-07-06,43.260501861572266,43.7555592129688,43.05486331417196,43.32904694386758,2237238,BWA
2015-07-07,43.12339782714844,43.28334071398882,42.156129521849955,43.26049125865254,1586197,BWA
2015-07-08,40.71665954589844,42.33892821130164,40.62526171085135,42.22468421800683,3437082,BWA
2015-07-09,40.579566955566406,41.68392888138192,40.41962404135159,41.234567184571496,3999402,BWA
2015-07-10,40.846134185791016,41.432589307516885,40.80805285583552,41.432589307516885,2888394,BWA
2015-07-13,41.7296257019043,41.82102354152612,40.846137455997635,41.46305637087383,3429584,BWA
2015-07-14,41.54683303833008,41.668691313119496,41.1964834847184,41.562064910114515,2090013,BWA
2015-07-15,40.99846649169922,41.5773041258616,40.91468623131549,41.485909578497676,1419659,BWA
2015-07-16,39.452354431152344,40.7242735205236,39.39142364175804,40.27491513720441,4489358,BWA
2015-07-17,39.772247314453125,40.17591015280829,39.00299967479914,39.51329223866178,3504333,BWA
2015-07-20,39.635154724121094,39.96265489464719,39.30003696570486,39.848410879383295,2198387,BWA
2015-07-21,39.83317184448242,40.03119610529404,39.528521166627236,39.65038275797506,1831459,BWA
2015-07-22,39.26194381713867,39.83316372163297,39.14769983623981,39.68083841376782,1748190,BWA
2015-07-23,39.38380813598633,40.023576454038576,39.322877348479366,39.4371213373622,2602690,BWA
2015-07-24,38.736412048339844,39.970249444320594,38.667866993235606,39.970249444320594,1982661,BWA
2015-07-27,38.3708381652832,38.69072395254082,38.10426887624432,38.43176894859483,1797379,BWA
2015-07-28,39.147701263427734,39.32287603396165,38.24897795364264,38.561246166355865,2000837,BWA
2015-07-29,39.93217849731445,39.962645541229364,39.17055190715027,39.20101565055127,2788198,BWA
2015-07-30,37.96717834472656,38.066190462621606,35.41572263905221,36.367759187568566,8326766,BWA
2015-07-31,37.86056137084961,38.46986280132606,37.47974467628706,38.04335047978664,3922267,BWA
2015-08-03,37.304561614990234,37.959561828280115,37.02276042574284,37.89863433910211,2305058,BWA
2015-08-04,36.89327621459961,37.64728837800478,36.82472785401007,37.27408943838607,2073086,BWA
2015-08-05,36.37537384033203,37.31979272649784,36.26874414484635,37.15984983352616,3025054,BWA
2015-08-06,36.314449310302734,36.79427477132585,36.03264480268419,36.41346143726215,3709835,BWA
2015-08-07,36.4515380859375,37.00752614231809,36.20781494304848,36.43630291412157,1795221,BWA
2015-08-10,36.855194091796875,37.09129630510882,36.54292593486852,36.86280837579926,2652106,BWA
2015-08-11,35.49189376831055,36.162129295459046,35.21770680725113,36.162129295459046,2748779,BWA
2015-08-12,35.62899398803711,35.77370508394619,34.341842505813325,34.88259894220843,4000992,BWA
2015-08-13,35.32432174682617,35.82699653146507,35.14152941581505,35.77368333927934,2840114,BWA
2015-08-14,35.316715240478516,35.45380870661325,35.13392615264179,35.33195041489356,2289722,BWA
2015-08-17,35.63658905029297,35.63658905029297,35.072983502344194,35.25577252840077,1349341,BWA
2015-08-18,35.91078567504883,36.29159900019375,35.7127614257678,36.139273670135786,2674485,BWA
2015-08-19,35.40810775756836,36.322059660271705,35.232932982780774,35.79653533590895,2928608,BWA
2015-08-20,34.501773834228516,35.187237834642914,34.48653866047458,35.02729491434052,3669734,BWA
2015-08-21,33.67920684814453,34.41798721911953,33.56496286919132,34.15141793489537,4228078,BWA
2015-08-24,33.031829833984375,34.02194448410202,31.790374427450608,31.813223887171546,5293419,BWA
2015-08-25,32.856658935546875,34.56270482276498,32.84142376025209,34.25805412510259,4025984,BWA
2015-08-26,33.55735778808594,33.85439422435614,32.70433642081292,33.808695295540765,2344363,BWA
2015-08-27,33.67920684814453,34.23519487248621,33.06228804159174,33.78583654214238,3508763,BWA
2015-08-28,33.84727478027344,33.86255156832568,33.1368693782549,33.22853672706155,3062088,BWA
2015-08-31,33.33546829223633,33.94656612652034,33.29727467759358,33.62574042557037,2714926,BWA
2015-09-01,32.441741943359375,32.999369497483805,32.304244239428556,32.67854372847614,3476046,BWA
2015-09-02,32.78547668457031,33.08338885667486,32.38826376534317,32.80839351476998,2319598,BWA
2015-09-03,32.8160400390625,33.35075073478731,32.502851021753756,32.78548315601619,1931654,BWA
2015-09-04,32.5104866027832,32.62506745040815,32.1438272283342,32.17438079693588,2797400,BWA
2015-09-08,33.55698013305664,33.610450510617206,33.07573680427838,33.197957647483435,2205771,BWA
2015-09-09,33.595191955566406,34.504202108141165,33.495887880378085,33.99240494607353,3739826,BWA
2015-09-10,33.411861419677734,33.541719070337564,33.083395613717265,33.45005504106276,2330731,BWA
2015-09-11,32.976444244384766,33.04519141677793,32.426453624258585,32.93824732497775,2215086,BWA
2015-09-14,32.9229850769043,33.09103967959853,32.67090648310961,32.97645880153246,1445560,BWA
2015-09-15,33.22852325439453,33.33546403764716,32.85422389251981,33.01463837764401,1207682,BWA
2015-09-16,34.09170913696289,34.168096378098355,33.21325255365883,33.282003056828465,1816464,BWA
2015-09-17,33.916015625,34.588223965530915,33.78615798552432,33.961849290813056,1949376,BWA
2015-09-18,32.80841064453125,33.4882593074375,32.70910653531491,33.45006567391178,3014944,BWA
2015-09-21,32.54867172241211,32.70144614603303,31.242445766110393,31.876460286186177,5826430,BWA
2015-09-22,30.073728561401367,31.60911672025832,29.75290281534354,31.433425406150462,9622488,BWA
2015-09-23,29.77581787109375,30.341085399670487,29.49318245168241,30.073726765302638,4379394,BWA
2015-09-24,29.70707130432129,29.84456900840039,28.515428949297586,29.141803700939736,5093142,BWA
2015-09-25,30.554973602294922,30.600803962347086,29.898038672417556,30.07372999489994,4397797,BWA
2015-09-28,30.417476654052734,30.53969426079465,30.004983541902018,30.279978950002494,4509920,BWA
2015-09-29,30.87578773498535,30.91398134243389,30.104275540426862,30.554962094466642,4353493,BWA
2015-09-30,31.76951789855957,32.20492432169375,31.318831385644213,31.471605801497944,3453213,BWA
2015-10-01,31.87647247314453,32.319519133079005,31.127876849151264,31.914666093651878,3008242,BWA
2015-10-02,32.26603698730469,32.296593858741,31.288279995997417,31.295916731172756,2191571,BWA
2015-10-05,33.006996154785156,33.14449380293148,32.4035351740999,32.4035351740999,1915069,BWA
2015-10-06,33.22852325439453,33.350740819505354,32.762559891125385,32.961164675772444,2077630,BWA
2015-10-07,34.221553802490234,34.41252183288291,33.442401590292185,33.45768168091955,3305306,BWA
2015-10-08,34.32851791381836,34.43545874913238,33.86255432370684,34.00005204785834,2388326,BWA
2015-10-09,34.51947021484375,35.02362720196228,34.46599982172399,34.55766382567863,3004493,BWA
2015-10-12,34.25212478637695,34.67989467480822,34.030599793699714,34.504203352408005,1725584,BWA
2015-10-13,33.220882415771484,34.05350507499922,33.20560563427775,34.05350507499922,2488067,BWA
2015-10-14,33.14450454711914,33.236168572182336,32.56396020464205,33.236168572182336,2796264,BWA
2015-10-15,33.62574768066406,33.7785221721977,32.9382591585163,33.7785221721977,1293450,BWA
2015-10-16,33.33546829223633,33.64865725640515,32.99172576045157,33.64865725640515,2111256,BWA
2015-10-19,32.68617248535156,32.77783648622372,31.91465693808811,32.30423307960132,3336091,BWA
2015-10-20,32.93061828613281,33.442412106473036,32.434101250978905,32.68617979241393,1892690,BWA
2015-10-21,32.75492477416992,33.44240985345164,32.693814327295726,33.20561142340206,1042848,BWA
2015-10-22,32.28133010864258,32.59451916549176,32.02161477631398,32.342440572204204,6055448,BWA
2015-10-23,33.35074234008789,33.58754405554499,32.395898742104855,32.54103645198822,4453006,BWA
2015-10-26,34.076438903808594,34.25213025425549,33.15978852366158,33.243815829167836,3718014,BWA
2015-10-27,33.366031646728516,33.96949292123777,33.06812268923111,33.717414328607155,2692206,BWA
2015-10-28,34.77919387817383,34.97780202677465,33.366026624353196,33.57991155894343,4091645,BWA
2015-10-29,31.754253387451172,37.15484365335797,31.693142935450375,35.756953235920086,7471699,BWA
2015-10-30,32.70909881591797,32.83131973845488,30.402197936951264,31.486899521288418,6855760,BWA
2015-11-02,32.69381332397461,32.90005817938065,32.22784990488503,32.678536540286316,2493179,BWA
2015-11-03,32.70146179199219,32.94590032468787,32.31952223995664,32.64035133125664,5065424,BWA
2015-11-04,32.46465301513672,32.84658917477481,32.1361872557988,32.78547872718356,2601894,BWA
2015-11-05,32.31188201904297,32.770205459796664,32.04452667860331,32.33479885312988,2052752,BWA
2015-11-06,31.845903396606445,32.36533704466849,31.425773775566412,32.12089865447593,2740600,BWA
2015-11-09,32.288970947265625,32.34244136284669,31.555651987092705,31.7542601709615,2756618,BWA
2015-11-10,32.12089920043945,32.44936484452083,31.952844700971333,32.12089920043945,2213042,BWA
2015-11-11,31.6778621673584,32.296600036926755,31.6473052900767,32.23548959260898,2017082,BWA
2015-11-12,31.211896896362305,31.670220236107085,31.188980067325982,31.51744578952549,2539755,BWA
2015-11-13,30.45566749572754,31.24245671515775,30.35636342352344,31.097322285952895,2252006,BWA
2015-11-16,30.982738494873047,31.013295376824825,30.33344695903587,30.40219415049665,2798536,BWA
2015-11-17,31.043846130371094,31.46397921978396,30.799407648177617,30.99037572961718,2280520,BWA
2015-11-18,32.5639533996582,32.83130868119941,31.78480107382749,31.88410512616331,4041320,BWA
2015-11-19,32.37298583984375,32.7625620087572,32.17437773211425,32.63270107895574,2090581,BWA
2015-11-20,33.0146484375,33.205616544530265,32.54868493224764,32.54868493224764,2731512,BWA
2015-11-23,32.88478469848633,33.21325047687955,32.754927058725094,32.93825510188848,1794539,BWA
2015-11-24,32.90769577026367,33.052833480084125,32.62506370726493,32.632700443416276,2295515,BWA
2015-11-25,32.83895492553711,33.19033423287641,32.75492763995269,32.90006206751191,1018424,BWA
2015-11-27,32.77765655517578,33.09945537699475,32.60909558377406,32.907908063973196,707160,BWA
2015-11-30,32.70871353149414,32.98454312529615,32.34094184652075,32.946233643950755,1888827,BWA
2015-12-01,33.26802444458008,33.313993814132786,32.394566579638,32.80064760559721,2847498,BWA
2015-12-02,32.77765655517578,33.39060795684476,32.724023971586995,33.26801966868271,2359358,BWA
2015-12-03,32.35626220703125,32.94622744468305,32.15705161340414,32.86960849640912,1825893,BWA
2015-12-04,33.176082611083984,33.375293194632775,32.31028787533282,32.42521629192933,2139202,BWA
2015-12-07,32.762332916259766,33.05348549150702,32.40222131724316,33.05348549150702,2471254,BWA
2015-12-08,31.63603401184082,32.40988651965053,31.58239810553383,32.40988651965053,1862926,BWA
2015-12-09,31.620712280273438,32.20301755311988,31.268267148002703,31.498123968291527,1664694,BWA
2015-12-10,31.505775451660156,31.91185638972134,31.3985102923018,31.605380711227767,1289246,BWA
2015-12-11,30.509737014770508,31.092042275514455,30.39480860701474,31.06139270794083,1656061,BWA
2015-12-14,30.624662399291992,30.74725069662427,30.287537110983635,30.548043468351885,1698206,BWA
2015-12-15,31.24528694152832,31.567085889107894,30.75492363638501,30.831542591536696,1809080,BWA
2015-12-16,32.2719612121582,32.34091689726923,31.32954471373886,31.61303731322603,2037870,BWA
2015-12-17,31.46747398376465,32.29496251020096,31.46747398376465,32.21834357111835,1282203,BWA
2015-12-18,31.275920867919922,31.475131400909532,31.015417851197714,31.298907209462758,3515352,BWA
2015-12-21,31.858232498168945,32.019133601372154,31.505784043669962,31.574743082308583,1788405,BWA
2015-12-22,32.279640197753906,32.4941705763477,31.86589592413676,32.00381068200914,1199957,BWA
2015-12-23,33.38294982910156,33.55151080945373,32.4405330146505,32.50949204317166,1751030,BWA
2015-12-24,33.33697509765625,33.68176025824469,33.28334251451085,33.39827090137366,693187,BWA
2015-12-28,33.24502944946289,33.43657674014295,32.77765273208921,33.21437989078257,1302310,BWA
2015-12-29,33.743045806884766,33.980565728996105,33.298655515348976,33.451893317927855,1321622,BWA
2015-12-30,33.651119232177734,33.94227185474704,33.55917717249446,33.64345601041799,1170762,BWA
2015-12-31,33.1224479675293,33.78903539883237,33.114788065735056,33.48255964017785,1189278,BWA
2016-01-04,32.3715705871582,33.122436602275585,32.019122257525844,33.122436602275585,2316304,BWA
2016-01-05,31.850566864013672,32.70869817931998,31.528764715523288,32.64740569416591,2122616,BWA
2016-01-06,30.808547973632812,31.214628991024696,30.471425989545203,31.20696908973754,1747850,BWA
2016-01-07,28.893068313598633,30.103651339839978,28.801126265613025,30.080664997772,2655059,BWA
2016-01-08,28.042593002319336,29.54432508512167,27.98129720541776,29.406410372164583,2756618,BWA
2016-01-11,28.264787673950195,28.732164408906442,27.889356298208014,28.28777401375371,3102075,BWA
2016-01-12,28.65555191040039,28.862422374412095,27.950655040009813,28.724510945262104,2346976,BWA
2016-01-13,25.927907943725586,28.310762847915534,25.276645413389804,27.19212354144464,9734270,BWA
2016-01-14,25.17704963684082,25.989213545859283,24.556434774937745,25.96622719536518,7177021,BWA
2016-01-15,23.805561065673828,24.11970003415326,23.20793269555673,23.951139037527092,4900704,BWA
2016-01-19,23.246240615844727,24.16567111499526,23.001059038728364,24.142684771466357,5368736,BWA
2016-01-20,23.08534049987793,23.42246580510933,21.913068473447968,22.916779507405558,3721195,BWA
2016-01-21,22.39577293395996,23.468439817477847,22.372786586544525,23.154302476946924,4710992,BWA
2016-01-22,22.28083610534668,23.25389732955651,22.027993019808456,22.970406345749574,4939101,BWA
2016-01-25,21.62957763671875,22.21954609675,21.575945045885003,22.15825028424571,4366443,BWA
2016-01-26,22.027999877929688,22.21188400450598,21.805802961339246,22.08929403340731,2734920,BWA
2016-01-27,22.211885452270508,22.817177105586676,22.05864756337331,22.05864756337331,3292810,BWA
2016-01-28,21.813461303710938,22.694580570475154,21.683208139689803,22.587313747205705,2801830,BWA
2016-01-29,22.495372772216797,22.526020676887843,21.75216813955276,21.90540600276474,5404179,BWA
2016-02-01,22.809511184692383,22.870805332452957,22.081629691371933,22.25019067289253,2438083,BWA
2016-02-02,22.012676239013672,22.633291008993943,21.83645200504385,22.56433362786908,2636088,BWA
2016-02-03,21.798137664794922,22.326808588484287,21.20817093598619,22.211880198992823,2700158,BWA
2016-02-04,22.77886962890625,22.801855978311963,21.476344138885203,21.729187341773333,3254526,BWA
2016-02-05,22.5643253326416,23.146630416831428,22.48004485786978,22.763535840465963,3381872,BWA
2016-02-08,22.242528915405273,22.434077898376287,21.752167436937434,22.219544232751858,2660739,BWA
2016-02-09,22.686918258666992,22.97040759778299,21.94371208060575,21.96669842059591,4337930,BWA
2016-02-10,23.2539005279541,23.430124722130305,22.57199175329128,22.80951009229254,5267973,BWA
2016-02-11,23.131315231323242,23.905167869108794,21.93605675486063,22.227209396813954,5233438,BWA
2016-02-12,24.31890869140625,24.395527622074873,23.20026931538652,23.468435572726705,4033822,BWA
2016-02-16,24.824596405029297,24.870567434074196,24.196318480794552,24.67135687464074,3225445,BWA
2016-02-17,25.736358642578125,26.44891526255546,25.192362982524696,25.192362982524696,3513194,BWA
2016-02-18,25.008474349975586,25.927904664849734,24.939518653495803,25.889595206741888,3467981,BWA
2016-02-19,24.74797821044922,24.954848677413192,24.219305550111542,24.870568178285033,2372650,BWA
2016-02-22,25.184701919555664,25.567798212469064,24.901212555362935,25.253660945626088,2085014,BWA
2016-02-23,24.61005973815918,25.506502166467882,24.418510763438523,25.07743651384285,2392302,BWA
2016-02-24,24.832258224487305,24.893552377136157,23.874518205218344,24.32657191930999,2350384,BWA
2016-02-25,24.97783088684082,25.36092551048416,24.33422992694828,24.954844545364978,1868379,BWA
2016-02-26,25.416311264038086,25.708629567515317,25.085530113618592,25.300922723211293,2142382,BWA
2016-02-29,25.139375686645508,25.95478926455805,25.008601024720946,25.439384518635798,2534189,BWA
2016-03-01,26.27787971496582,27.408689996407265,25.4778505589263,26.039408748527734,3618955,BWA
2016-03-02,26.716358184814453,26.724050420564804,26.062488143814974,26.31634359110642,1859518,BWA
2016-03-03,26.977903366088867,27.470228076725864,26.570196574438743,26.72404794233844,2012992,BWA
2016-03-04,26.924055099487305,27.154833824231595,26.193261082631636,26.985596314991096,1974027,BWA
2016-03-07,27.277915954589844,27.277915954589844,26.67020100472627,26.762512832605147,1576541,BWA
2016-03-08,26.47788429260254,27.216372179094684,26.04709913655219,26.92405391845906,2381965,BWA
2016-03-09,27.016366958618164,27.131755487748602,26.516348332263075,26.693278076979023,2258709,BWA
2016-03-10,26.639436721801758,27.177916644850743,26.1240318428762,27.062528089911673,2241669,BWA
2016-03-11,27.647157669067383,27.677928275841168,26.85482246189402,27.016366063969127,1664581,BWA
2016-03-14,27.647157669067383,27.716391117610947,27.247143114587796,27.45484346021849,1804195,BWA
2016-03-15,27.424074172973633,27.508692095580635,27.07021634502351,27.254836660969737,1269707,BWA
2016-03-16,28.524124145507812,28.585665380667542,27.316386156147704,27.339464536030203,2143746,BWA
2016-03-17,28.931821823120117,29.031825881566636,28.116408218654332,28.539499491360598,1759550,BWA
2016-03-18,29.20875358581543,29.670307669256815,28.793352910570484,29.131827905241867,3651218,BWA
2016-03-21,29.07029151916504,29.424151041968972,28.631812400253196,29.177986156411425,1308899,BWA
2016-03-22,28.89336395263672,29.07798429724944,28.416421950823292,28.747203124036364,1248350,BWA
2016-03-23,28.262561798095703,28.870276633567887,28.139479384091917,28.754888120531565,1269594,BWA
2016-03-24,28.401031494140625,28.401031494140625,27.54715341285695,27.82408720501161,1649586,BWA
2016-03-28,28.554882049560547,28.77027462250247,28.23179485693742,28.531803678606142,1253122,BWA
2016-03-29,28.793354034423828,28.939511499786573,27.716391130778742,28.06255670687121,2044800,BWA
2016-03-30,29.1702938079834,29.57800062454245,28.88566609311586,29.10875259034772,1429883,BWA
2016-03-31,29.53953742980957,29.67031043224671,29.02413265510702,29.08567387201268,2519534,BWA
2016-04-01,28.985671997070312,29.40107274232433,28.662584750926115,29.224142980470585,2971322,BWA
2016-04-04,27.139442443847656,28.97796965063419,26.95482049979356,28.885659512001915,4025302,BWA
2016-04-05,27.062528610229492,27.53177674276923,26.593280477689753,26.785594739619064,2167147,BWA
2016-04-06,26.754819869995117,27.116371602480854,26.362497529052522,26.962518560196568,2065930,BWA
2016-04-07,26.193260192871094,27.239450820158247,26.0701777660445,26.662506528080584,3390051,BWA
2016-04-08,26.29326820373535,26.993295072333414,26.139416804092324,26.56250981990081,1966643,BWA
2016-04-11,26.770204544067383,27.247144811794826,26.477886261692824,26.547119714548895,1833050,BWA
2016-04-12,26.862516403198242,27.116371841719616,26.508656903007257,26.885593109652053,1359792,BWA
2016-04-13,28.270259857177734,28.447189603239554,27.154834066852285,27.177910772779992,2483410,BWA
2016-04-14,28.501039505004883,28.824126751647192,27.8779383861632,28.44719218616118,1852816,BWA
2016-04-15,28.708740234375,28.885670008970433,28.393343534723133,28.53181045977957,2099328,BWA
2016-04-18,28.77027702331543,29.062595301445644,28.46257427445832,28.654888492494013,1498043,BWA
2016-04-19,29.62415313720703,29.79339231395637,29.0318260193236,29.039516587806908,1792494,BWA
2016-04-20,29.685688018798828,30.001084598810685,29.49337384405478,29.60876234890121,1504518,BWA
2016-04-21,29.662612915039062,30.085707479610218,29.516455459582765,29.770310864893695,1501906,BWA
2016-04-22,29.601076126098633,29.98570790892756,29.20106320559563,29.470303120069946,1495771,BWA
2016-04-25,29.570308685302734,29.739544544850872,29.20875859136351,29.462614047475753,2376058,BWA
2016-04-26,30.716508865356445,30.739587244213723,29.547235450007168,29.70108686428148,3196136,BWA
2016-04-27,29.70878028869629,30.924210442133607,29.516466023958852,30.50111572613065,4991130,BWA
2016-04-28,28.039485931396484,29.05490444225527,27.893325110233846,28.90105305171363,4631699,BWA
2016-04-29,27.631776809692383,28.208721178417626,27.493309894511917,28.077948166028325,3536709,BWA
2016-05-02,27.454845428466797,27.970248545205166,27.19329775232389,27.816397167096387,2939400,BWA
2016-05-03,27.531770706176758,28.016404873484532,26.52404286118849,27.193297346036495,3360174,BWA
2016-05-04,26.44711685180664,27.324071683412477,26.424038478999687,27.262530467120524,2637565,BWA
2016-05-05,26.039403915405273,26.954821433635704,26.01632721334249,26.66250320652364,2006517,BWA
2016-05-06,26.1009578704834,26.385584002603643,25.83171621391974,25.985567636647307,3085035,BWA
2016-05-09,26.03171730041504,26.293264981109704,25.900944293462686,26.03940953609636,1742170,BWA
2016-05-10,26.33941650390625,26.470191159982765,25.93940363461397,26.208643514619475,1530760,BWA
2016-05-11,26.154800415039062,26.685589726456026,26.085566954124236,26.17787879094071,2519875,BWA
2016-05-12,25.96248435974121,26.59327603352814,25.78555460161793,26.354806721945888,1303674,BWA
2016-05-13,25.362464904785156,26.216343195553257,25.347080431131047,25.847099159952535,2029123,BWA
2016-05-16,25.708629608154297,25.877867135041807,25.385540693254526,25.48554476217851,1295722,BWA
2016-05-17,25.739402770996094,26.024028867111483,25.354774262832223,25.539394613318716,2476253,BWA
2016-05-18,25.7163143157959,26.03171090232133,25.293223122621306,25.5547707390326,2045368,BWA
2016-05-19,24.86244010925293,25.708624233196865,24.77782053010575,25.470154964993153,2266774,BWA
2016-05-20,25.26245880126953,25.354770630076825,24.808596893306095,25.000911119833827,1186666,BWA
2016-05-23,24.970144271850586,25.293233221162783,24.77782834956152,25.162458527349436,1274592,BWA
2016-05-24,25.48553466796875,25.677848826813044,24.870127692877624,25.1701381140326,1805558,BWA
2016-05-25,25.908634185791016,25.99325377644573,25.547084117100553,25.547084117100553,1758414,BWA
2016-05-26,25.65477752685547,25.993252539791218,25.539388999768672,25.94709579552463,1403301,BWA
2016-05-27,25.948240280151367,26.010020649245508,25.538936340848235,25.654778088688715,1926997,BWA
2016-05-31,26.280319213867188,26.41932799052575,25.901907920352354,25.901907920352354,2176803,BWA
2016-06-01,25.901906967163086,26.14130947520935,25.260922819853526,25.955965004256157,3080832,BWA
2016-06-02,26.566057205200195,26.635559915246112,25.70883759265412,25.809232998984413,1662422,BWA
2016-06-03,26.01002311706543,26.496553818882404,25.708838560053806,26.496553818882404,2019922,BWA
2016-06-06,26.542882919311523,26.612387288005134,25.886454257927124,26.149025387818444,2350838,BWA
2016-06-07,26.91358184814453,27.052590637584725,26.419330419739516,26.535170519835404,2438878,BWA
2016-06-08,26.7359561920166,27.3074359523196,26.7127891790179,27.06803177147811,1675486,BWA
2016-06-09,26.766845703125,26.828627747588143,26.264870356815095,26.57377890581831,1410912,BWA
2016-06-10,25.994577407836914,26.56605714831051,25.979132733040352,26.396157358985576,1691390,BWA
2016-06-13,25.29181480407715,25.93279730240838,25.27637012812496,25.786067860924575,1668557,BWA
2016-06-14,24.82845115661621,25.546662007905383,24.62766201574172,25.137359715370316,2925086,BWA
2016-06-15,25.175975799560547,25.770622622351308,24.90568224555913,24.936571598794814,1562114,BWA
2016-06-16,25.430822372436523,25.46943573379478,24.666275809568,24.92112466385751,1939493,BWA
2016-06-17,25.85556983947754,26.033191974431162,25.33814978344151,25.407654169871737,2054570,BWA
2016-06-20,26.820907592773438,27.152983180486913,26.38843659296631,26.403881268682575,2927358,BWA
2016-06-21,25.755178451538086,26.36527167587875,25.477162535705126,26.36527167587875,3617478,BWA
2016-06-22,25.60072135925293,26.002303008265873,25.546663320847433,25.585276683512117,2693570,BWA
2016-06-23,26.025470733642578,26.33437931672097,25.863294940678124,25.994579708003467,3892845,BWA
2016-06-24,23.55420684814453,24.882509035129672,23.245298312114596,24.797558309232407,9290662,BWA
2016-06-27,21.384132385253906,23.12173871975571,21.252845948610382,23.075401346050562,6005464,BWA
2016-06-28,21.94789695739746,22.071459423057906,21.669879318019976,21.754828408579456,3461278,BWA
2016-06-29,22.619762420654297,22.681542794247296,21.832047179202238,22.171845090557746,3011650,BWA
2016-06-30,22.797388076782227,22.80511208939153,22.10234742047796,22.666103288805495,2972458,BWA
2016-07-01,23.39202880859375,23.90944879440613,23.0290622501918,23.144902320749623,3597485,BWA
2016-07-05,22.025110244750977,23.08311875311078,21.97877288430298,22.951832354028404,2586218,BWA
2016-07-06,22.148672103881836,22.272234491052433,21.337790068540514,21.700754894600163,4129928,BWA
2016-07-07,22.720151901245117,22.99044705086407,22.25679165614793,22.28768267381686,1784656,BWA
2016-07-08,23.608264923095703,23.809055722880306,22.87460944948359,22.928667481233326,3684957,BWA
2016-07-11,23.948060989379883,24.450036277422036,23.80132990579639,23.80132990579639,2387758,BWA
2016-07-12,24.202917098999023,24.859346004878198,24.03301728187651,24.357372238798046,3002334,BWA
2016-07-13,24.071630477905273,24.31875702651953,23.739554857988193,24.31875702651953,2054002,BWA
2016-07-14,24.357376098632812,24.758954505808642,24.25698066018231,24.56588764210621,2147722,BWA
2016-07-15,24.604494094848633,24.836174266131657,24.102520390402084,24.42687196087327,2817507,BWA
2016-07-18,24.843902587890625,25.013800740319287,24.395986843032663,24.55044031735432,2026965,BWA
2016-07-19,24.604494094848633,24.74350286694349,24.411427285446113,24.54271204651478,1304469,BWA
2016-07-20,24.913400650024414,25.006073721260947,24.434595638563064,24.604493759194487,1281522,BWA
2016-07-21,25.639333724975586,25.670224748568717,25.10646900625997,25.17597339101637,2088422,BWA
2016-07-22,25.50032615661621,25.631612594742915,25.121914864729188,25.592999231760825,1632091,BWA
2016-07-25,25.6856689453125,25.732004640164327,25.44626478750525,25.546660187444576,1579835,BWA
2016-07-26,26.210817337036133,26.280321732025268,25.647061511728833,25.770623950980166,2193502,BWA
2016-07-27,26.419328689575195,26.805462331274143,26.110420102903326,26.23398420689716,4560018,BWA
2016-07-28,25.091026306152344,25.824683621556595,24.666279271596313,25.5389420301002,3991336,BWA
2016-07-29,25.623891830444336,25.91735407645563,25.129638745944906,25.14508509607394,3909317,BWA
2016-08-01,25.569826126098633,25.894177628548295,25.36903534777885,25.62388415206949,2407184,BWA
2016-08-02,24.813007354736328,25.41537647186724,24.318754312664066,25.39220945863151,4778243,BWA
2016-08-03,25.260921478271484,25.314981185806108,24.442315241167005,24.558156993509044,2468982,BWA
2016-08-04,25.1605281829834,25.484881435443956,25.106470144229636,25.276369945036404,1774546,BWA
2016-08-05,25.6856689453125,25.917349092884077,25.26864267170873,25.353593397801596,1580971,BWA
2016-08-08,25.816953659057617,26.187642564010556,25.68566891159769,25.778340301179707,1430224,BWA
2016-08-09,26.033193588256836,26.195371057751796,25.685673307875163,25.73973134883167,1641293,BWA
2016-08-10,26.033193588256836,26.164480031499767,25.917353494796277,26.071806952743685,1201320,BWA
2016-08-11,26.25715446472168,26.396163262228892,26.048641268460862,26.149036697028617,1596080,BWA
2016-08-12,26.110424041748047,26.380719305024968,25.92507953111017,26.110424041748047,1350477,BWA
2016-08-15,26.488832473754883,26.797739380047133,26.172201556155184,26.218537257436488,1955510,BWA
2016-08-16,26.45021629333496,26.62011440437529,26.334376215813148,26.45021629333496,2090013,BWA
2016-08-17,26.25715446472168,26.542894398861414,26.156760709466845,26.450222982731884,2297106,BWA
2016-08-18,26.26486587524414,26.450211977007992,26.010017076959127,26.24169886750783,2440810,BWA
2016-08-19,26.419328689575195,26.488833079743547,26.05636206239056,26.07180673873343,2368787,BWA
2016-08-22,26.43477439880371,26.488834114741465,26.071807757436883,26.311211963294635,1589491,BWA
2016-08-23,26.612398147583008,26.87496938462036,26.50428038253082,26.658733854515983,1615960,BWA
2016-08-24,26.24942398071289,26.681894917294564,26.210810623754696,26.635557550294813,1616528,BWA
2016-08-25,26.079524993896484,26.21080973377163,25.786062821653715,26.133583022477463,2421952,BWA
2016-08-26,25.986854553222656,26.651005675882132,25.909627834151788,26.651005675882132,2093194,BWA
2016-08-29,26.25715446472168,26.4038856013542,25.93280116164249,26.002307233709015,1839070,BWA
2016-08-30,26.613759994506836,26.768807963159546,26.202886656981615,26.257153865943895,3797421,BWA
2016-08-31,26.660274505615234,26.916101563438694,26.37343953267956,26.520733848404113,2374126,BWA
2016-09-01,26.830821990966797,27.241696954937453,26.55949102055259,26.784308446271382,2973026,BWA
2016-09-02,27.210683822631836,27.350226126900022,26.854077764733677,27.0168759998899,4598982,BWA
2016-09-06,27.559541702270508,27.6370648373278,27.148668414572835,27.451008977243283,3569085,BWA
2016-09-07,28.001426696777344,28.280509668134545,27.520782215245543,27.559543785704467,4609320,BWA
2016-09-08,27.78435516357422,28.001420582641856,27.567289744506578,27.90839350574708,3361424,BWA
2016-09-09,26.466466903686523,27.621565504766775,26.466466903686523,27.51303276157625,4007694,BWA
2016-09-12,27.3502254486084,27.520777336232566,26.435451876059066,26.55948854359077,4728827,BWA
2016-09-13,26.985870361328125,27.37348603940727,26.815318455132225,26.95485909139964,3740394,BWA
2016-09-14,27.063390731811523,27.249444894491806,26.52072715821085,26.98586760411642,2957917,BWA
2016-09-15,27.202938079833984,27.420001869805684,26.978118952131197,27.102157323241048,4022349,BWA
2016-09-16,27.047893524169922,27.140922314224586,26.77656249271424,27.055645503407273,5859715,BWA
2016-09-19,26.792062759399414,27.575049508661532,26.71453961823717,27.34247840543955,2380147,BWA
2016-09-20,26.559492111206055,27.09440209650692,26.41219781384275,27.032384594278014,1759437,BWA
2016-09-21,26.427703857421875,26.90059637785533,26.34242873528537,26.69903486041503,5136197,BWA
2016-09-22,27.210683822631836,27.26495102084057,26.80756422322261,26.80756422322261,3193864,BWA
2016-09-23,27.202938079833984,27.342478727729663,27.08665168698468,27.140918894279057,2017309,BWA
2016-09-26,26.923852920532227,27.024633675238455,26.77655861739822,26.993622403306283,3115253,BWA
2016-09-27,26.737789154052734,26.947104272675432,26.551735003576663,26.869579470330606,2264730,BWA
2016-09-28,26.97035789489746,27.109900175554593,26.55948470831179,26.869577172230123,3209314,BWA
2016-09-29,26.59050178527832,27.156421363329613,26.55174021636344,26.892842358761406,1658901,BWA
2016-09-30,27.272708892822266,27.396747269976093,26.714541234836098,26.815321996339744,2571677,BWA
2016-10-03,27.28046226501465,27.34247977320563,27.102158359528005,27.28046226501465,1550072,BWA
2016-10-04,27.171924591064453,27.590551539812317,27.04788790980683,27.474266836182952,2544526,BWA
2016-10-05,28.14096450805664,28.319266695723982,27.288206735286003,27.303712368823366,3122864,BWA
2016-10-06,27.528533935546875,27.683580215930345,26.931604748229386,27.311468471115926,4016101,BWA
2016-10-07,27.66807746887207,27.72234299748358,27.133165762491362,27.42775437998747,4210357,BWA
2016-10-10,27.985918045043945,28.1564682545544,27.79986052237533,27.854127719754082,3199771,BWA
2016-10-11,27.567291259765625,27.993670144885087,27.42774895701853,27.885137429385676,3014490,BWA
2016-10-12,27.59830093383789,27.637062498085697,27.388987479058745,27.559539369590084,2999154,BWA
2016-10-13,26.776559829711914,27.280461946322067,26.714540642510116,27.226194737586663,3506718,BWA
2016-10-14,26.877334594726562,27.303713498757094,26.776555531370473,27.063392126464827,2060931,BWA
2016-10-17,26.48196792602539,27.179677816447644,26.47421594852033,26.838574008874023,2525896,BWA
2016-10-18,26.0788516998291,26.776561726191826,25.65247269715477,26.776561726191826,3820368,BWA
2016-10-19,27.040138244628906,27.0633958592378,26.032334034184252,26.179630020393564,2752074,BWA
2016-10-20,27.10215950012207,27.14867305315666,26.854084417711924,27.00137873543429,2155106,BWA
2016-10-21,26.97035789489746,27.071138617564802,26.45095200999343,26.799806031901557,2430813,BWA
2016-10-24,27.497528076171875,27.536289649161606,27.140920260878048,27.22619538550839,1951080,BWA
2016-10-25,27.094404220581055,27.63706790597109,26.737796415933985,27.365736903143723,3676550,BWA
2016-10-26,27.435504913330078,27.908397379092367,26.97811640262372,27.00912599247069,6061469,BWA
2016-10-27,27.474266052246094,27.6525699312842,26.443204344787894,26.745546581279513,5004989,BWA
2016-10-28,27.621562957763672,27.993674705894104,27.311468714498147,27.458763018122077,2867605,BWA
2016-10-31,27.78435516357422,28.01692453554603,27.513024229607105,27.68357443049248,2510787,BWA
2016-11-01,27.34247398376465,28.032431844214724,27.063391056659377,27.931651105107417,2219971,BWA
2016-11-02,26.94710922241211,27.567294317209644,26.931603587201078,27.22619217912397,2580651,BWA
2016-11-03,26.536237716674805,27.295966908810893,26.46646654843631,27.09440538284738,2474435,BWA
2016-11-04,26.427703857421875,26.823073234143,26.357932692133716,26.520732637717852,2174986,BWA
2016-11-07,27.303714752197266,27.326972364666002,26.892841463483688,27.086649301606105,2116368,BWA
2016-11-08,27.420000076293945,27.528532804048425,26.916098006024207,27.210686598538484,2163853,BWA
2016-11-09,26.381189346313477,26.745549116332278,25.65246980627587,26.12536230948613,5465182,BWA
2016-11-10,27.288209915161133,27.489771416489816,26.357930585238822,26.44320570055894,4453574,BWA
2016-11-11,26.652523040771484,27.668077569130777,26.435457566068283,27.233946619724374,5615475,BWA
2016-11-14,26.52848243713379,27.21844037518382,26.21063623023239,26.807567075362844,4299987,BWA
2016-11-15,26.714540481567383,26.79206362523493,26.218392026148003,26.528484600818203,3185798,BWA
2016-11-16,26.737789154052734,26.80756198008353,26.44320061624088,26.52847739489973,2580197,BWA
2016-11-17,27.427743911743164,27.435497566930042,26.683520673636906,26.745539836723978,2674826,BWA
2016-11-18,27.66031837463379,27.877383792708695,27.303710662120032,27.45100493297551,2789221,BWA
2016-11-21,28.032434463500977,28.19523439261443,27.621561171500094,27.854130579107732,2218835,BWA
2016-11-22,27.761106491088867,27.931658426611666,27.373490746358076,27.82312568213996,2763774,BWA
2016-11-23,27.435504913330078,27.745597452329555,27.37348573363614,27.637064727732717,2648016,BWA
2016-11-25,27.66031837463379,27.89288774554196,27.44325295655888,27.52077608019494,1353771,BWA
2016-11-28,27.435504913330078,27.869635811717433,27.35798177858021,27.64481670526068,1842933,BWA
2016-11-29,26.820642471313477,27.27206318889605,26.805075251089463,27.240930434854718,1821803,BWA
2016-11-30,27.707914352416992,28.050371224369908,27.038566140070014,27.170879903946105,3621795,BWA
2016-12-01,28.665239334106445,29.054394477067003,27.972539469542554,28.00367221826068,5110978,BWA
2016-12-02,28.07371711730957,28.758632447818364,27.81687407916955,28.60297040928652,3919427,BWA
2016-12-05,29.17892837524414,29.42020256419879,28.353914668140913,28.400614639067957,4427106,BWA
2016-12-06,30.47871208190918,30.743336279783335,29.038834409245307,29.10109654558267,6868370,BWA
2016-12-07,32.37778091430664,32.67353945591374,30.67327960423044,30.704410662162836,6801346,BWA
2016-12-08,32.40113067626953,32.6346237276293,32.128722116349806,32.47896169338945,3599075,BWA
2016-12-09,32.58014678955078,32.59571232037081,32.089810645437076,32.37778477045219,2577584,BWA
2016-12-12,31.988622665405273,32.502308680220615,31.89522612802394,32.48674315279239,2854200,BWA
2016-12-13,31.731796264648438,31.926373891362285,31.397122072137865,31.739580718842504,2636542,BWA
2016-12-14,30.595457077026367,31.47494849502301,30.556541557405396,31.311501963489615,2797968,BWA
2016-12-15,30.712202072143555,31.093576168698974,30.486490046146322,30.57988998673172,2768318,BWA
2016-12-16,30.93013572692871,31.11692889920031,30.61102707041648,30.91457019137504,5590142,BWA
2016-12-19,31.01573371887207,31.01573371887207,30.276339075430343,30.284123526065148,2814213,BWA
2016-12-20,31.428251266479492,31.85632197374713,31.062442691109307,31.295935804164383,2551910,BWA
2016-12-21,31.576114654541016,31.786257686996112,31.389321597427973,31.529414703856908,1895416,BWA
2016-12-22,30.84451675415039,31.467168461613152,30.681070217179574,31.436034021192647,1965394,BWA
2016-12-23,30.922344207763672,31.07800627336304,30.7666821421643,30.898994223361164,983549,BWA
2016-12-27,31.21031379699707,31.451587913681816,30.945686329030778,30.976817385115215,896190,BWA
2016-12-28,30.611011505126953,31.506071504509165,30.525396043895423,31.34262503227153,1224608,BWA
2016-12-29,30.73555564880371,30.875652203239273,30.587674640805364,30.727771195240926,1140771,BWA
2016-12-30,30.696626663208008,30.94568522140549,30.416433677228323,30.914554166435313,1506677,BWA
2017-01-03,31.186981201171875,31.327077777261565,30.649944888297078,31.054665707034157,1687528,BWA
2017-01-04,31.77069664001465,31.832962125434303,30.48648154327229,31.124698552808542,1818622,BWA
2017-01-05,31.731796264648438,32.00420494204783,31.280375496109556,31.70844627488002,2016854,BWA
2017-01-06,31.988622665405273,32.19876909052828,31.53720213311482,31.89522612802394,2032645,BWA
2017-01-09,31.77069664001465,32.159851707872285,31.53720359930007,31.903008688523812,1761822,BWA
2017-01-10,31.731796264648438,32.22991701272416,31.568349709083297,31.887458366019516,3165918,BWA
2017-01-11,31.22588539123535,31.669521577089768,30.688849273358706,31.615040531951998,5044976,BWA
2017-01-12,31.12470245361328,31.428245468272053,30.60323189907932,31.241448988602208,2767410,BWA
2017-01-13,31.36598014831543,31.513857744326586,31.171402588925694,31.194749197802373,1475437,BWA
2017-01-17,30.96904945373535,31.35042023031469,30.86008396556013,31.22589258030332,1818395,BWA
2017-01-18,30.961267471313477,31.11692957586273,30.828955357009384,31.11692957586273,2298810,BWA
2017-01-19,30.992387771606445,31.116915374725636,30.83672573809823,31.070218788360556,2031054,BWA
2017-01-20,31.023523330688477,31.15583540380645,30.75111473252268,31.06243884471216,2049798,BWA
2017-01-23,30.743318557739258,31.22587344587832,30.587656561000596,31.03129594995499,1819872,BWA
2017-01-24,31.467166900634766,31.544997938605004,30.953480700905892,30.969046233937295,2439219,BWA
2017-01-25,32.144287109375,32.152071560082156,31.716216522351242,31.716216522351242,1035691,BWA
2017-01-26,31.739574432373047,32.2454761616281,31.67730892959442,32.00419860316583,1406709,BWA
2017-01-27,31.443809509277344,31.856314587932243,31.288147469997188,31.747349136748674,1098626,BWA
2017-01-30,31.568347930908203,31.63061344251211,31.03909614149536,31.53721686151304,1933586,BWA
2017-01-31,31.778486251831055,31.801836234257355,31.18696910349074,31.459377695234593,2055024,BWA
2017-02-01,31.934144973754883,32.29995008424039,31.661736410421277,32.02754152090679,1391146,BWA
2017-02-02,31.498281478881836,32.120929456717874,31.342619484422826,31.918570887608038,2088082,BWA
2017-02-03,31.599468231201172,31.81739573787754,31.490502791456947,31.67729924267044,1163378,BWA
2017-02-06,31.576114654541016,31.591680180498486,31.28814061948687,31.334837197359285,981390,BWA
2017-02-07,31.21031379699707,31.51385339866283,30.89898637209198,31.51385339866283,1906662,BWA
2017-02-08,31.490503311157227,31.59946875269975,31.015732784234526,31.241444744907668,2265525,BWA
2017-02-09,31.63839340209961,32.15207958384681,31.13249167300222,31.13249167300222,2908387,BWA
2017-02-10,32.40113067626953,32.41669620513105,31.755132559611713,31.825179125894714,2385486,BWA
2017-02-13,32.432273864746094,32.82921350837135,32.21434628339915,32.432273864746094,2596896,BWA
2017-02-14,32.29995346069336,32.619062017366886,32.00419488645177,32.48674994733618,1923816,BWA
2017-02-15,32.619056701660156,32.72802214431428,31.996408593278282,32.299948196989575,1740693,BWA
2017-02-16,32.20656204223633,32.8836947767335,32.05089996493827,32.63463275480599,1544278,BWA
2017-02-17,32.98486328125,32.98486328125,31.64616722637408,31.88744133091606,2581106,BWA
2017-02-21,33.179443359375,33.7164793872554,32.86033484833829,33.17165890874006,2759798,BWA
2017-02-22,33.28841018676758,33.35846013405222,33.00043606432018,33.14831366501101,1570861,BWA
2017-02-23,33.05492401123047,33.52969471944096,32.961527434825584,33.38181708786768,1673328,BWA
2017-02-24,32.32331466674805,32.728038841933476,32.08982150697825,32.689123315305174,2880555,BWA
2017-02-27,33.15111541748047,33.16673360244813,32.29207463359371,32.38579051184389,2113982,BWA
2017-02-28,32.948062896728516,33.23701449533034,32.84653963648096,32.948062896728516,2001973,BWA
2017-03-01,33.57281494140625,33.916428427062186,33.37757585301244,33.49472065973709,2387872,BWA
2017-03-02,33.689964294433594,33.88520004456444,33.525964910635,33.58844102752121,2298355,BWA
2017-03-03,33.549381256103516,33.744616932786045,33.34633479866552,33.682140839403544,2285405,BWA
2017-03-06,32.72159194946289,33.19015773554611,32.65130505101745,33.11987083710066,1956419,BWA
2017-03-07,32.557586669921875,32.79186952050216,32.33111121716168,32.65910991535086,2253029,BWA
2017-03-08,32.752830505371094,32.862164559969116,32.47168966122969,32.58883111558497,1709794,BWA
2017-03-09,32.4560661315918,32.791872255610016,32.31549573267472,32.791872255610016,1780112,BWA
2017-03-10,32.63567352294922,32.92462162936625,32.44043785858363,32.74500414130586,1905754,BWA
2017-03-13,33.27605056762695,33.32290509845496,32.71376912392802,32.79967417344323,1947445,BWA
2017-03-14,33.59624481201172,33.674339103661055,32.97930126167051,33.033966588980775,1902914,BWA
2017-03-15,34.32252502441406,34.54118971302822,33.63529121207172,33.752436031169715,2071610,BWA
2017-03-16,34.08824157714844,34.54899652616911,34.033572867755126,34.40842612985428,1546550,BWA
2017-03-17,33.393192291259766,34.017946448720615,33.19014583639684,34.017946448720615,2421043,BWA
2017-03-20,33.24482345581055,33.518153500888474,33.112063825045595,33.41663362009398,1352408,BWA
2017-03-21,31.89379119873047,33.401015372445116,31.854744045553055,33.401015372445116,2107734,BWA
2017-03-22,32.39358901977539,32.59663552128255,31.5579774348369,31.971877836080782,3302352,BWA
2017-03-23,32.1827392578125,32.323309670450676,31.901598432536144,32.26864095470912,2168397,BWA
2017-03-24,32.237403869628906,32.41702142708873,32.01873916420919,32.28426180086939,1713542,BWA
2017-03-27,32.174922943115234,32.206162687343024,31.55797606710289,31.729786199803172,1749440,BWA
2017-03-28,32.60445022583008,32.75282803647336,32.07340494504998,32.19054639057517,2976888,BWA
2017-03-29,32.74501037597656,33.026151139880476,32.56539285371689,32.62006155752438,1192573,BWA
2017-03-30,32.768436431884766,32.8309125276824,32.526342829751634,32.713771117144546,856885,BWA
2017-03-31,32.63567352294922,32.88557449649313,32.58100821377089,32.69033883212754,1865312,BWA
2017-04-03,31.503305435180664,32.76062793740252,30.78483543391103,32.76062793740252,4426992,BWA
2017-04-04,30.214750289916992,31.386167884169378,30.09760886891384,31.31588438525583,4666915,BWA
2017-04-05,29.816463470458984,30.534933448316888,29.785227116734873,30.46464996032747,3668826,BWA
2017-04-06,29.6680908203125,29.94923158909986,29.41037901296091,29.793039640935056,3413453,BWA
2017-04-07,29.69933319091797,29.847714387231363,29.31667248548866,29.519715629181547,2148517,BWA
2017-04-10,29.675912857055664,29.863341256778998,29.441629895568447,29.691534428532886,2021739,BWA
2017-04-11,29.87114906311035,29.894574649544488,29.394772401912046,29.64467352572827,3057885,BWA
2017-04-12,30.136648178100586,30.253789568664004,29.738366096496968,29.847700091554817,3162965,BWA
2017-04-13,29.6837100982666,30.394369444196585,29.6837100982666,29.98046905758531,1714906,BWA
2017-04-17,30.253795623779297,30.26941380213631,29.70713569173931,29.816466324459043,1373651,BWA
2017-04-18,30.339698791503906,30.480269156403537,29.988274571365057,29.988274571365057,1847250,BWA
2017-04-19,30.964452743530273,31.23778607483111,30.55836321328346,30.58959956783305,2465688,BWA
2017-04-20,31.31588363647461,31.745402169882794,31.222167794536198,31.237789357673122,2665397,BWA
2017-04-21,30.85512924194336,31.354934719670428,30.745795207336872,31.237793286734256,1933131,BWA
2017-04-24,31.589216232299805,31.659499735362168,31.22217038411328,31.401787917098396,1745691,BWA
2017-04-25,31.89379119873047,32.08121956451526,31.565795788884568,31.72979518591851,1580517,BWA
2017-04-26,32.06558609008789,32.43262847809247,31.80006354455877,31.94063390581297,2147835,BWA
2017-04-27,32.90901565551758,33.38539220689514,31.557980296087997,33.15892010594471,3092533,BWA
2017-04-28,33.01834487915039,33.057392020802475,32.68253878409827,32.99491591731495,2380942,BWA
2017-05-01,33.4166259765625,33.88519166094758,33.11205625117968,33.26824481264137,2652106,BWA
2017-05-02,31.925024032592773,33.518149567481345,31.792264417407367,33.29948488023532,3978499,BWA
2017-05-03,32.018733978271484,32.143686185193786,31.36273996826088,31.464263213357626,2795014,BWA
2017-05-04,32.276451110839844,32.323309042215705,31.815692733048973,32.057786404788374,1949944,BWA
2017-05-05,32.58882522583008,32.60444679096497,32.17492481840098,32.48730197355936,1563477,BWA
2017-05-08,32.4951171875,32.79968698584646,32.3311178049887,32.58102227057196,2426610,BWA
2017-05-09,32.72159194946289,32.86996976136727,32.54197438795334,32.573210753336916,1956078,BWA
2017-05-10,32.90901565551758,32.96368098496546,32.59663847670513,32.69816173666347,2024920,BWA
2017-05-11,32.666908264160156,32.93243078513174,32.37796017199641,32.869954698772545,1343547,BWA
2017-05-12,32.52635192871094,32.72159105177768,32.42483205188862,32.51854452969003,1623117,BWA
2017-05-15,32.8153076171875,32.94025985930161,32.58883210138341,32.60445366981412,1411026,BWA
2017-05-16,32.96368408203125,33.08863631898456,32.604452323178606,33.073018135420845,1394213,BWA
2017-05-17,31.190933227539062,32.96367616549193,31.151886085896418,32.96367616549193,2810464,BWA
2017-05-18,31.33930015563965,31.518917621817547,31.08158843322961,31.16749346877289,1279931,BWA
2017-05-19,31.55016326904297,31.901587487963457,31.472068998171746,31.472068998171746,1320259,BWA
2017-05-22,32.30768966674805,32.362354995186806,31.628266607995954,31.862549487780424,1736149,BWA
2017-05-23,31.878156661987305,32.471674439520136,31.714157349078953,32.463867043422745,1505768,BWA
2017-05-24,32.05778503417969,32.120261145269204,31.77664422638756,31.97969074137314,960147,BWA
2017-05-25,31.5736083984375,32.26083901093232,31.253420370184244,32.213981070721836,2075472,BWA
2017-05-26,32.01092529296875,32.16711725396267,31.550170345177694,31.550170345177694,1109531,BWA
2017-05-30,33.060977935791016,33.22553934476669,31.99525434469587,32.28519280238782,3614411,BWA
2017-05-31,33.31174850463867,33.3430919269707,32.33222071318721,33.217711446001765,3433674,BWA
2017-06-01,34.76143264770508,35.302128516875136,33.53898198791182,33.84459550181486,4911723,BWA
2017-06-02,34.690921783447266,35.129750090896216,34.38531151649498,34.67525007157135,2524306,BWA
2017-06-05,34.722259521484375,34.824127319944786,34.48717032155052,34.69091271011068,1171784,BWA
2017-06-06,34.41664123535156,34.604708494614236,34.181555463363615,34.50284071007482,1410798,BWA
2017-06-07,34.259925842285156,34.54986435345968,34.00133075011651,34.455830700622,1944378,BWA
2017-06-08,33.24905776977539,34.25992896852828,33.13151484404741,34.25992896852828,2808419,BWA
2017-06-09,33.664371490478516,33.875948044339886,32.88074871308339,33.19419646571352,3411862,BWA
2017-06-12,34.21289825439453,34.40880306083296,33.664364796366925,33.67219895113298,1935403,BWA
2017-06-13,34.424468994140625,34.596864498730554,34.03265608979153,34.36177879361204,1311853,BWA
2017-06-14,33.883792877197266,34.51068851716048,33.73490312521367,34.416654850330104,1772274,BWA
2017-06-15,33.94647216796875,33.96214387474745,33.40577281545778,33.507644003248494,1346046,BWA
2017-06-16,32.120628356933594,33.86810667656388,31.67396608370633,33.86810667656388,4520030,BWA
2017-06-19,32.38706588745117,32.52811804686669,32.159817638707,32.214670312974256,2106258,BWA
2017-06-20,31.916889190673828,32.30086124505818,31.807180463836104,32.19899346446332,1728310,BWA
2017-06-21,32.151981353759766,32.246014998468326,31.713153150693497,32.18332477005603,1636408,BWA
2017-06-22,32.01876449584961,32.136307392449,31.611279737649458,31.93256501334892,1143611,BWA
2017-06-23,32.285194396972656,32.324375363347805,31.815022800470878,31.995255924960478,3076970,BWA
2017-06-26,32.81803894042969,32.95125687262279,32.26950569997554,32.31652419319873,2129659,BWA
2017-06-27,32.183326721191406,32.81805980413984,31.344854628325905,32.81805980413984,2339251,BWA
2017-06-28,32.26168441772461,32.661331624156624,32.26168441772461,32.48109850369082,2739805,BWA
2017-06-29,32.31654357910156,32.684844010891624,31.979586564383908,32.441920643211034,1989136,BWA
2017-06-30,33.19419860839844,33.35876004747961,32.38706991411177,32.65350255853749,2982341,BWA
2017-07-03,33.83676528930664,34.46366415729805,33.507645845580385,33.53898926086112,1505995,BWA
2017-07-05,33.83676528930664,33.96214574206885,32.974784015070455,33.77407506292553,2583264,BWA
2017-07-06,33.695716857910156,33.977821209934966,33.52332126314833,33.78975050997842,2121253,BWA
2017-07-07,34.549861907958984,34.68307991885467,33.45279138310519,33.57817184189414,3334387,BWA
2017-07-10,35.32564163208008,35.380494300831494,34.53418482526061,34.65172771365047,4185592,BWA
2017-07-11,35.67827224731445,35.960376553196795,35.22377237486822,35.34131526968262,2474662,BWA
2017-07-12,35.7409553527832,36.2268019379182,35.5450505671058,35.8898450273893,2631885,BWA
2017-07-13,36.20330047607422,36.39920530391387,35.65476695812321,35.7096196307544,2456600,BWA
2017-07-14,36.250328063964844,36.39138025446863,35.98389539394205,36.250328063964844,1610507,BWA
2017-07-17,36.218971252441406,36.56376577807092,36.06224739419692,36.47756629770869,1668670,BWA
2017-07-18,36.19546890258789,36.3208493714406,35.82716844458566,36.19546890258789,1416706,BWA
2017-07-19,36.642127990722656,36.665637248805126,36.20329982591477,36.38353294345441,1398416,BWA
2017-07-20,36.27381896972656,36.830189948838346,36.234638010516406,36.81451824431807,2214859,BWA
2017-07-21,35.200260162353516,35.889845700025745,34.933827611347574,35.889845700025745,3175347,BWA
2017-07-24,35.043548583984375,35.404014915682694,34.94951492226927,35.17676661688617,2509424,BWA
2017-07-25,35.92118453979492,36.11708930423015,35.1610713371315,35.45884725823674,2157491,BWA
2017-07-26,35.93686294555664,36.36001935316465,35.740958144576744,35.88201028044608,4101869,BWA
2017-07-27,36.84587860107422,37.63733562654444,36.38354107485549,37.339559547861576,4451530,BWA
2017-07-28,36.75967788696289,36.963420301392,36.37570232066497,36.830202278823684,2909523,BWA
2017-07-31,36.626461029052734,37.24552239160227,36.29733816489784,36.99476146732809,1425680,BWA
2017-08-01,35.91337585449219,36.830210123053625,35.24729578724678,36.6186335065888,3300875,BWA
2017-08-02,36.164119720458984,36.218972393408635,35.56073013055425,35.56073013055425,2332776,BWA
2017-08-03,35.95253372192383,36.642119217593624,35.905515217016415,36.0387297864959,2356178,BWA
2017-08-04,36.579429626464844,36.70481004445304,35.9682060314551,36.21112931787522,3611458,BWA
2017-08-07,36.438392639160156,36.76751552411929,36.27383119668059,36.59511652882828,2473186,BWA
2017-08-08,36.80669021606445,37.18282816625004,36.43838642153343,36.44622397300753,2456714,BWA
2017-08-09,36.46189498901367,36.900723155215616,36.26599016406985,36.53241936766566,1717405,BWA
2017-08-10,35.18458938598633,36.33651240556027,35.161080129211896,36.30516899374053,2301650,BWA
2017-08-11,34.996517181396484,35.435345259819286,34.910317717335964,35.129731756547365,1596080,BWA
2017-08-14,35.39617919921875,35.59991822465854,35.12190898791326,35.356998225577996,2369810,BWA
2017-08-15,35.4588508605957,35.717445855085245,35.41966990372816,35.50586936716426,1630842,BWA
2017-08-16,35.5450553894043,35.936865013914826,35.42751250205114,35.693945084209844,1064546,BWA
2017-08-17,34.95734786987305,35.52939071401606,34.92600105621786,35.39617609448629,1294472,BWA
2017-08-18,34.74576187133789,35.05921297427659,34.65172823836595,34.847633055315555,2196910,BWA
2017-08-21,34.96518325805664,35.02003933493052,34.54986428010036,34.73009742855158,1518718,BWA
2017-08-22,35.20809555053711,35.39616619239563,35.08271512263143,35.18458629582742,2303240,BWA
2017-08-23,35.03570556640625,35.34131573865126,34.949506084070734,34.965177791090056,1618914,BWA
2017-08-24,34.75360107421875,35.30997213912827,34.636058178462044,35.223772657245554,2455350,BWA
2017-08-25,34.60471725463867,35.08272647034767,34.581211388144844,35.07489231345642,1336958,BWA
2017-08-28,34.675235748291016,34.76143522173301,34.369622211757786,34.628217236264625,1276069,BWA
2017-08-29,34.76926803588867,34.90248262040141,34.33827747693516,34.408801846436305,1805786,BWA
2017-08-30,35.201629638671875,35.201629638671875,34.76141245370949,34.83216346909713,6459410,BWA
2017-08-31,36.482975006103516,36.6323325782708,35.390294439192154,35.390294439192154,2809442,BWA
2017-09-01,36.67949676513672,37.12757284966318,36.54586051628747,36.68735571708796,1548822,BWA
2017-09-05,36.12922286987305,36.67163361870286,35.90125535653223,36.61660732995519,1700024,BWA
2017-09-06,36.4908332824707,36.553721935163914,35.91697986231821,36.36505938365232,1657197,BWA
2017-09-07,36.22355651855469,36.655911271084314,36.07419556010387,36.54585869670383,1623230,BWA
2017-09-08,36.31789016723633,36.44366746612831,35.972004298567306,36.13708657754205,1026262,BWA
2017-09-11,36.93890380859375,37.08826134162216,36.404355500724535,36.553713033752935,1553707,BWA
2017-09-12,37.37914276123047,37.465611707535516,36.8524530953823,36.993951760736,1224154,BWA
2017-09-13,37.44989013671875,37.63855615810096,36.99395150992323,37.33983751250602,1474869,BWA
2017-09-14,37.945125579833984,37.96085029981997,37.434160751069335,37.434160751069335,1674350,BWA
2017-09-15,38.330318450927734,38.51898444127226,37.84293727069947,37.85865858491936,2381510,BWA
2017-09-18,38.65261459350586,38.676198264380744,38.17309244313291,38.44036836876809,1772387,BWA
2017-09-19,38.58971405029297,38.71549131849417,38.14163806799761,38.676186348002176,1607440,BWA
2017-09-20,38.880584716796875,38.92775206168481,38.50325617739837,38.676200837608576,1472256,BWA
2017-09-21,38.982784271240234,39.02208926241783,38.55829172914972,38.84914798255017,1861677,BWA
2017-09-22,39.27363967895508,39.44658094009796,38.9670587370228,38.9670587370228,1355134,BWA
2017-09-25,39.698123931884766,39.705986290263944,39.29721519246951,39.31293650266011,1593694,BWA
2017-09-26,39.97327423095703,40.18552049888467,39.51733565868028,39.784608232134524,1379445,BWA
2017-09-27,39.666683197021484,40.27984157614292,39.43085331324924,40.20909397363841,1832709,BWA
2017-09-28,39.53304672241211,39.95753914819354,39.04566224009608,39.60379432451971,2514650,BWA
2017-09-29,40.27197265625,40.52352378869878,39.28148262036745,39.51731585233659,3276110,BWA
2017-10-02,40.759361267089844,40.87727620193061,40.06759296804378,40.216950522881675,2572699,BWA
2017-10-03,40.72793197631836,41.43542181690657,40.704348300318316,41.16814923975633,2134658,BWA
2017-10-04,41.23102569580078,41.28605198579158,40.72791991422024,40.72791991422024,1581198,BWA
2017-10-05,40.92444610595703,41.29391224365697,40.8379737856884,41.29391224365697,1512357,BWA
2017-10-06,40.77508544921875,40.96375140219393,40.6335902426973,40.81439043026758,1572338,BWA
2017-10-09,40.877281188964844,40.995196138191254,40.64931364975437,40.877281188964844,596627,BWA
2017-10-10,40.86942672729492,41.15242059259467,40.64145575646535,40.948036702084046,1181554,BWA
2017-10-11,40.88514709472656,41.00306205418133,40.460651196748366,40.87728473480221,952195,BWA
2017-10-12,40.028297424316406,40.48423596114431,39.525191539807906,40.29556997699043,2896686,BWA
2017-10-13,40.19337844848633,40.657175924040985,40.07546348962649,40.34273603374809,1220178,BWA
2017-10-16,41.01092529296875,41.03450556011028,40.19337951262135,40.437068390109054,2131590,BWA
2017-10-17,40.893009185791016,41.14456041632695,40.76723186723885,40.96375679837136,1212112,BWA
2017-10-18,41.183860778808594,41.48257932190632,40.97161455832821,40.99519482216202,1287202,BWA
2017-10-19,40.916587829589844,40.98733884593272,40.50781667035907,40.98733884593272,847115,BWA
2017-10-20,41.03450012207031,41.348943385585464,40.97947382841818,41.23888739171315,1709339,BWA
2017-10-23,40.97947692871094,41.341084154184635,40.9637556159878,41.003060601079795,1776590,BWA
2017-10-24,41.46687316894531,41.88350680978693,41.293928460489695,41.380400814717504,1609030,BWA
2017-10-25,40.61000442504883,41.403966362872914,40.24053489747522,41.26246775726683,2638133,BWA
2017-10-26,41.95423889160156,42.32370844403718,40.56283981717536,40.61000715774059,2900549,BWA
2017-10-27,41.56119155883789,42.080018709784625,40.72006217676239,41.930657726782044,1466803,BWA
2017-10-30,41.183860778808594,41.50616299230814,40.845837253897166,41.44327434009262,1693890,BWA
2017-10-31,41.44327926635742,41.62408288550574,41.30178063369489,41.427557953076786,1230742,BWA
2017-11-01,41.427547454833984,42.04070576994426,41.36465881107978,41.96995476825794,1120210,BWA
2017-11-02,41.58476638793945,41.79701257489717,41.37251679441425,41.52187774565671,1674464,BWA
2017-11-03,41.639801025390625,42.09573951519213,41.50616476283712,41.686968368206294,1967211,BWA
2017-11-06,41.380393981933594,41.749863610291236,41.0659540643994,41.69483389946779,1101352,BWA
2017-11-07,41.19171905517578,41.65551643198202,41.02663678529278,41.44327023253794,1238013,BWA
2017-11-08,41.02665328979492,41.15242722578942,40.452799700023434,41.02665328979492,1315147,BWA
2017-11-09,40.95588302612305,40.971607741486665,40.452780705240876,40.641443223929826,1652198,BWA
2017-11-10,40.932308197021484,41.207443060444845,40.751504605458265,40.76722591634031,1054435,BWA
2017-11-13,40.900875091552734,41.081678740241884,40.547130155383556,40.69648776580517,1048528,BWA
2017-11-14,40.932308197021484,41.17599703211286,40.60214363565913,40.75936355761534,1645950,BWA
2017-11-15,40.62572479248047,40.877275970737855,40.28770129986851,40.57069850451287,1208250,BWA
2017-11-16,40.90872573852539,41.010919372135966,40.531397233346034,40.81439105730455,1284134,BWA
2017-11-17,40.830116271972656,40.99519515298152,40.51567300835757,40.66503398439574,2131022,BWA
2017-11-20,41.15241622924805,41.498302125587394,41.01092101488501,41.01092101488501,1552230,BWA
2017-11-21,41.38825607299805,41.58478102017724,41.160285090328976,41.38825607299805,3147402,BWA
2017-11-22,41.5769157409668,41.647666760925794,41.31750214758734,41.5297518008959,1508040,BWA
2017-11-24,41.56904983520508,41.70268608624145,41.443272536248564,41.592630098012535,468146,BWA
2017-11-27,41.70269012451172,41.81274271682968,41.443276549398576,41.62408015669369,1487024,BWA
2017-11-28,42.677459716796875,42.72462706447766,41.8520515717942,41.8756352456346,1106123,BWA
2017-11-29,43.12553787231445,43.251311784351735,42.68532066376297,42.76393063624942,1344683,BWA
2017-11-30,43.90618896484375,44.048127414491354,43.28323782948955,43.37786574069261,2271773,BWA
2017-12-01,43.37786865234375,44.01659001005233,42.392186236967866,44.01659001005233,1563363,BWA
2017-12-04,42.77069091796875,43.89831187852672,42.739150554482954,43.669632283203555,1548595,BWA
2017-12-05,42.88108444213867,42.952055383789464,42.313333994719294,42.91262822192482,2152720,BWA
2017-12-06,41.83232498168945,42.849547898758374,41.71404348555291,42.62086828926643,1955510,BWA
2017-12-07,42.329105377197266,42.34487555895915,41.78500847773105,41.9979178915677,1074770,BWA
2017-12-08,42.392189025878906,42.52624069502424,41.990030601285476,42.51835731281418,1186211,BWA
2017-12-11,42.23448181152344,42.502585158928106,41.94271806521196,42.46315799506521,1581653,BWA
2017-12-12,42.092533111572266,42.384293369841416,41.93482449443686,42.281782085272056,1554389,BWA
2017-12-13,41.25668716430664,42.297567050929764,41.24091356462754,42.210825921325295,1372629,BWA
2017-12-14,40.64162063598633,41.45382436002214,40.633737253043634,41.23303154594493,1779430,BWA
2017-12-15,40.63373565673828,40.95703977363144,40.37351568669716,40.76778733307534,2876238,BWA
2017-12-18,41.154178619384766,41.61153444620543,41.00435333246258,41.209375970500155,1557910,BWA
2017-12-19,41.162044525146484,41.26455580063887,40.949138594297025,41.15416114528179,3258616,BWA
2017-12-20,41.8401985168457,41.95059660421749,41.31976210663086,41.48535411195322,1887350,BWA
2017-12-21,41.00434112548828,42.12407508382288,40.90971663500902,42.05310757025265,1469870,BWA
2017-12-22,40.77566146850586,41.17781978976981,40.570638909203346,41.08319189030308,850410,BWA
2017-12-26,40.6021842956543,40.87817781375783,40.47601944265864,40.720465767488534,477234,BWA
2017-12-27,40.66527557373047,40.75201670184142,40.4839099349624,40.578537862777104,695232,BWA
2017-12-28,41.08319091796875,41.09896451227759,40.56275115184542,40.74411673198879,742262,BWA
2017-12-29,40.28676986694336,41.33553642478801,40.27888648522825,41.24879530582124,912435,BWA
2018-01-02,40.83087158203125,40.86241194695732,40.286774658374185,40.51545426413995,1348318,BWA
2018-01-03,41.035888671875,41.09897281037795,40.7125845977706,40.90183359612229,1343093,BWA
2018-01-04,42.3685302734375,42.612980037719716,41.280336532724114,41.31188031171776,1924611,BWA
2018-01-05,43.598663330078125,43.65386067295075,42.61298087177622,42.66029141545674,2501586,BWA
2018-01-08,43.622314453125,43.95350532614877,43.3778681148898,43.68539859166082,2122843,BWA
2018-01-09,43.95350646972656,44.35566487334322,43.67751634646418,43.8352249883284,1641179,BWA
2018-01-10,42.98358917236328,43.89830397174377,42.707599081521636,43.803676064015434,1359110,BWA
2018-01-11,44.08754348754883,44.15062760677164,42.9914667403763,43.023007091409646,1353544,BWA
2018-01-12,45.128440856933594,45.64888077602698,44.26103985272546,44.26103985272546,2666192,BWA
2018-01-16,44.410858154296875,45.4911649860254,44.30046006479073,45.341339739657826,1857928,BWA
2018-01-17,45.664649963378906,45.90909973581463,43.858883884821175,44.75782523302835,2289949,BWA
2018-01-18,45.033809661865234,45.86177996292071,44.86821423479135,45.73561511019692,1445674,BWA
2018-01-19,44.89976119995117,45.27037926582247,44.805136692196626,45.128440795611915,1089651,BWA
2018-01-22,44.53703689575195,45.10478740462841,43.84311467123065,45.05747685556406,1714792,BWA
2018-01-23,44.245269775390625,44.6316580244653,43.850998143982274,44.592230861324474,1340821,BWA
2018-01-24,44.74204635620117,45.238832641767466,44.36354496040567,44.58433772604946,1451354,BWA
2018-01-25,44.363548278808594,45.0653537857731,44.174299275333475,45.00226964556231,1254144,BWA
2018-01-26,45.07323455810547,45.07323455810547,44.49759740852952,44.694733184606434,1297198,BWA
2018-01-29,44.80512619018555,45.52270175534792,44.797242809729006,44.9155242709872,1188142,BWA
2018-01-30,44.726280212402344,45.09689826042643,44.41874972271992,44.61588552819771,1068067,BWA
2018-01-31,44.363548278808594,45.27037638716886,44.19006945609686,45.01804324348296,1254371,BWA
2018-02-01,44.46605682373047,44.64742243416242,43.53557521047019,43.94561697069218,1152586,BWA
2018-02-02,42.952056884765625,44.355667996785506,42.88108594063473,44.08756123644241,1402619,BWA
2018-02-05,41.280338287353516,43.18861910565403,41.280338287353516,42.715493155054745,2495338,BWA
2018-02-06,42.70759963989258,42.99936333060812,40.01866279280274,40.468131691761386,3074130,BWA
2018-02-07,43.3699836730957,43.98504807722081,41.848091135405966,42.51835629947305,2746394,BWA
2018-02-08,40.95703887939453,42.95205746709899,40.89395473391985,42.818005793688755,4007126,BWA
2018-02-09,41.48536682128906,42.23448643382817,39.74268120380228,41.86386831922903,2662557,BWA
2018-02-12,41.76924133300781,42.4316197695859,41.579992303789915,41.98214734516738,1941992,BWA
2018-02-13,41.248809814453125,41.9269585726565,40.870308261436314,41.398635125625624,1689346,BWA
2018-02-14,42.17927932739258,42.32121436628285,40.83086570352071,40.86240606390585,1709339,BWA
2018-02-15,41.53266906738281,42.62874608365737,41.29610612508489,42.56566194894653,2015491,BWA
2018-02-16,41.177818298339844,41.84807986473235,41.06742022534604,41.485348708998536,1548822,BWA
2018-02-20,41.20936965942383,41.82443406218363,40.51545093367322,41.00434705278478,1495885,BWA
2018-02-21,41.075313568115234,41.650950747357655,40.886061163033865,41.26456255603963,1982206,BWA
2018-02-22,41.19359588623047,41.51689994916405,40.94914613941171,41.20936606602202,1645723,BWA
2018-02-23,41.25668716430664,41.50113353628332,40.854528715642466,41.50113353628332,1136909,BWA
2018-02-26,40.933380126953125,41.43804985176146,40.53910850623914,41.41439287108714,2430245,BWA
2018-02-27,39.49822998046875,41.09897691330014,39.49822998046875,41.04377615087612,2259390,BWA
2018-02-28,38.833587646484375,39.73559018454619,38.833587646484375,39.64855710771168,2489658,BWA
2018-03-01,38.23224639892578,39.14216244533822,37.82080833584802,38.85731886308795,3238054,BWA
2018-03-02,37.986968994140625,38.21642385597268,37.36980673471745,37.82872331596859,2038779,BWA
2018-03-05,38.548744201660156,38.73863765221755,37.52014381996101,37.80498742459076,1880762,BWA
2018-03-06,38.667442321777344,38.90481093443099,38.200615326281564,38.77030273968624,1147928,BWA
2018-03-07,38.65160369873047,38.83358348935532,38.208514419171976,38.271809948714406,1140317,BWA
2018-03-08,39.44283676147461,39.561521036565615,38.532920556982944,38.77820276368861,1760914,BWA
2018-03-09,40.79584884643555,40.819582962228395,39.56152738704238,39.71977311256556,1890418,BWA
2018-03-12,40.1707649230957,41.10441512796279,40.1707649230957,40.867046606155576,1347637,BWA
2018-03-13,40.21824264526367,40.87496643601596,40.12329590795752,40.30527915459087,1278454,BWA
2018-03-14,40.02835464477539,40.97783243406612,39.941318123545415,40.756287730858105,1382739,BWA
2018-03-15,40.09956741333008,40.44771010038953,39.83055102547062,40.107481071888536,981618,BWA
2018-03-16,40.700889587402344,40.77210220527641,39.94130890284159,40.0599931705046,2260981,BWA
2018-03-19,40.02043151855469,40.51890612564083,39.545694450623834,40.51890612564083,1231765,BWA
2018-03-20,39.62481689453125,40.131205152479026,39.427009784893926,40.131205152479026,1395122,BWA
2018-03-21,40.41604995727539,40.81166418825127,39.53778156419759,39.73558867968553,1022514,BWA
2018-03-22,39.4349250793457,41.49212614150926,39.42701485121999,40.37649252827964,2726400,BWA
2018-03-23,38.46171951293945,39.60109085250611,38.382596646113775,39.48240655226759,1621867,BWA
2018-03-26,39.806800842285156,39.89383734361979,38.85732327003182,39.11842934524196,1395803,BWA
2018-03-27,38.92853546142578,40.03625871211549,38.65160550595179,40.03625871211549,880741,BWA
2018-03-28,38.49336624145508,39.09470138449688,38.27973519259365,38.75447238063887,1294245,BWA
2018-03-29,39.743507385253906,40.059998810245,38.80194333862887,38.84941842389523,1827256,BWA
2018-04-02,38.643699645996094,39.767247006476424,38.11357373839153,39.640649058345154,1483616,BWA
2018-04-03,39.85427474975586,40.07581939581119,38.928534744053,39.07886677416536,2214518,BWA
2018-04-04,40.83539962768555,40.93034635247784,38.952271870537885,38.96809575320433,1878603,BWA
2018-04-05,41.515865325927734,41.65828715456089,40.914530240051874,41.08068618279531,1648222,BWA
2018-04-06,40.566383361816406,41.71366809913773,40.26571585037458,41.191455925118035,1335822,BWA
2018-04-09,40.80376434326172,41.26267769228425,40.4318875260313,40.87497698621753,1540870,BWA
2018-04-10,41.9431266784668,42.23588398804829,41.34970525979226,41.54751239935044,1288565,BWA
2018-04-11,42.101375579833984,42.441604543700905,41.64245890411189,41.64245890411189,1628456,BWA
2018-04-12,42.38621139526367,42.797652943468584,42.25961689710312,42.47324789864407,1420227,BWA
2018-04-13,41.82444381713867,42.734360118845856,41.68993564342347,42.734360118845856,1328779,BWA
2018-04-16,42.56819534301758,42.781829776933456,41.943122782793864,42.37830187819671,1180758,BWA
2018-04-17,42.631492614746094,42.987545418742535,42.45742304077326,42.932160112768514,1273910,BWA
2018-04-18,42.655235290527344,43.00337790918915,42.504899809016266,42.94798916775159,1277205,BWA
2018-04-19,41.674110412597656,42.671059769220854,41.428828187601624,42.584026684940575,1153949,BWA
2018-04-20,41.74531936645508,41.9747777046712,41.35761874604037,41.71367159577421,1306627,BWA
2018-04-23,41.97477340698242,42.18840440919075,41.73740486479675,41.76114240477409,922205,BWA
2018-04-24,41.41299819946289,42.43368494822265,41.001556666062456,42.227964181522424,1414547,BWA
2018-04-25,41.8640022277832,42.17258341101473,40.89870410927235,41.30222860132174,1992658,BWA
2018-04-26,40.99365234375,41.919392498453476,40.06791218904653,41.89565495598519,2608710,BWA
2018-04-27,39.2608642578125,41.02530841126623,39.01558198402594,40.7879397961676,3127862,BWA
2018-04-30,38.72282409667969,39.609002912404016,38.70700020971202,39.3004216869589,2588603,BWA
2018-05-01,38.406341552734375,39.11053725972326,37.884129160081734,38.70700919005573,3655648,BWA
2018-05-02,38.327205657958984,39.19755706434963,38.263906688099006,38.556660566307926,2188618,BWA
2018-05-03,37.85246276855469,38.279728217215336,37.164094657083304,38.09774497586695,2197478,BWA
2018-05-04,38.87314987182617,38.991837576852525,37.48849655365498,37.75751630372467,983890,BWA
2018-05-07,38.92062759399414,39.094697191850656,38.580398626623435,38.88106616589974,1761709,BWA
2018-05-08,39.26877212524414,39.30041989773866,38.90480559758511,38.90480559758511,1415910,BWA
2018-05-09,39.50613784790039,39.64855967141334,38.904802783643134,39.45075253564374,1644133,BWA
2018-05-10,39.94131088256836,40.17867942965976,39.45866013196494,39.75141741641282,1016606,BWA
2018-05-11,40.04417037963867,40.336927657562136,39.925486108737985,40.07582157582184,1019901,BWA
2018-05-14,40.33693313598633,40.61386313903296,40.16286010532155,40.24198296333488,1282998,BWA
2018-05-15,40.15494918823242,40.51891227157598,39.92549084665186,40.19451061656069,1363768,BWA
2018-05-16,41.001564025878906,41.22310871544805,40.059999952408624,40.06791360977673,1542347,BWA
2018-05-17,41.45256042480469,41.64245388328911,40.94617215418988,40.96990969369889,1181440,BWA
2018-05-18,41.0806884765625,41.5316915305486,40.86705743608169,41.3813560362884,877901,BWA
2018-05-21,41.40507888793945,41.73739753164699,41.333869709312566,41.43673007861284,640363,BWA
2018-05-22,41.674110412597656,42.15676120547595,41.46047938726247,41.75323326855841,1323781,BWA
2018-05-23,41.27850341796875,41.58708123915839,40.835413974870704,41.44465938753438,1082154,BWA
2018-05-24,40.787925720214844,41.238928676296624,40.6771551095805,41.07276933155136,1335141,BWA
2018-05-25,40.71672058105469,41.04112221805629,40.447700826084244,40.67715915492322,1276182,BWA
2018-05-29,38.35886001586914,40.241988405821175,38.13731529771039,40.178689425090845,3591691,BWA
2018-05-30,39.142181396484375,39.22921793008766,38.445899414043254,38.68326803791215,1467030,BWA
2018-05-31,38.72932052612305,39.49152071056333,38.5864075614632,39.451822855969944,2154878,BWA
2018-06-01,39.65824508666992,39.68206448275104,38.93574290237618,39.13423213535604,1128162,BWA
2018-06-04,39.983768463134766,40.01552536389295,39.69794259384057,39.856733978866764,744307,BWA
2018-06-05,40.04728698730469,40.13462018749431,39.57885032211077,39.959950346497315,1365586,BWA
2018-06-06,40.30928421020508,40.32516265744526,39.56296278374685,40.206069142218446,1141566,BWA
2018-06-07,39.856727600097656,40.491896479166044,39.682057792646965,40.34104262316361,2334934,BWA
2018-06-08,39.71381759643555,40.03934128372571,39.539147776194355,39.87260896767614,1600965,BWA
2018-06-11,39.92024230957031,40.25370689617982,39.650298391532665,39.70587467576196,2182029,BWA
2018-06-12,38.99131774902344,40.20607593841277,38.90398455413167,40.00758671281665,3090488,BWA
2018-06-13,38.41966247558594,38.99131065314726,38.181472007600405,38.92779342439224,2333117,BWA
2018-06-14,38.761070251464844,38.935740075682745,38.41966810740139,38.70549051777139,1765571,BWA
2018-06-15,38.292640686035156,38.65786229173631,37.81626647370394,38.634042892996135,2174418,BWA
2018-06-18,38.094146728515625,38.23705966269728,37.69716826724305,37.89565749787934,1762845,BWA
2018-06-19,37.419273376464844,37.713040139057135,36.958777753592166,37.713040139057135,3000176,BWA
2018-06-20,37.23667526245117,37.800386146641486,37.0699463455995,37.800386146641486,2192253,BWA
2018-06-21,36.47446060180664,37.085810042196314,36.450641211557446,36.990535921816374,2567133,BWA
2018-06-22,35.79960632324219,36.911149474234705,35.66463433224878,36.75235464642062,3597258,BWA
2018-06-25,35.871063232421875,36.36331931488271,35.307352397664665,36.172767574395905,2342773,BWA
2018-06-26,35.696388244628906,35.974273148955675,35.50583653157726,35.902818406947176,2632453,BWA
2018-06-27,35.42643737792969,36.31567173725215,35.40262142666899,35.81547827028753,1757960,BWA
2018-06-28,34.719818115234375,35.45026120763479,34.18786768625211,35.37880646367355,2239738,BWA
2018-06-29,34.26726150512695,35.08503774655641,34.26726150512695,34.88654853458893,1691618,BWA
2018-07-02,34.73570251464844,34.751580965495954,33.393909766605056,33.82264858319445,2579402,BWA
2018-07-03,34.465755462646484,35.08504257737743,34.33872097324914,34.86273394124097,1393304,BWA
2018-07-05,35.12473678588867,35.61699280083636,34.81509498091473,34.81509498091473,3026872,BWA
2018-07-06,35.402626037597656,35.5296570764621,34.965946304610014,35.21207431837473,1945741,BWA
2018-07-09,36.58562088012695,36.62531872163732,35.72020587083058,35.73608431931129,2305739,BWA
2018-07-10,36.73648452758789,36.84764058820596,36.434780135365216,36.657088815982895,1418523,BWA
2018-07-11,35.42643737792969,36.27597389766158,35.39468048250406,36.17275882660268,1577563,BWA
2018-07-12,35.33116912841797,35.85518207443052,35.12473895196026,35.68844974416718,1540416,BWA
2018-07-13,35.79167175292969,35.92664376796462,35.23590179874726,35.362932866760836,1286861,BWA
2018-07-16,35.61699295043945,35.847239068887966,35.52171881317171,35.75196493162022,1759210,BWA
2018-07-17,36.26010513305664,36.41095558753797,35.434387784698174,35.482026581175425,1446128,BWA
2018-07-18,36.5221061706543,37.069938485743776,36.26804065554578,36.4030126378893,2085696,BWA
2018-07-19,35.75196838378906,36.490349039991806,35.70433303086429,36.19658565479353,1579494,BWA
2018-07-20,35.21208953857422,35.59318970113066,34.735715195533416,35.28354431378274,1986637,BWA
2018-07-23,35.35499954223633,35.49791252119672,34.87068429148686,35.13269084614446,3509899,BWA
2018-07-24,35.27560043334961,36.275987749266235,35.10093056057865,35.688457434613255,2612573,BWA
2018-07-25,34.95006561279297,35.39468282184023,33.54475924591233,34.6483613238407,3844338,BWA
2018-07-26,35.30735397338867,36.34744248547184,34.50545600769865,34.96595176698743,3720741,BWA
2018-07-27,36.36330795288086,36.60149497360254,35.42643487596873,35.59316716672063,1908821,BWA
2018-07-30,36.17277145385742,36.7999996027126,36.10131669389766,36.47447582818867,2952237,BWA
2018-07-31,36.537986755371094,36.70471908723227,36.2045255322664,36.31567812642874,2917362,BWA
2018-08-01,35.06916427612305,36.41095360387328,34.76745994297924,36.29980100563925,2772522,BWA
2018-08-02,35.442325592041016,35.4820234387169,34.44193503894402,34.82303505515603,1398757,BWA
2018-08-03,35.974273681640625,35.99809307620196,35.50583705732589,35.632871534574704,1269707,BWA
2018-08-06,36.212459564208984,36.33949403731197,35.75196389998232,35.81548113653382,1596989,BWA
2018-08-07,36.80793762207031,36.950850571241276,36.299803073975546,36.323622472273705,1946082,BWA
2018-08-08,36.16482162475586,36.60943880812626,35.65668720938724,36.52210218405158,2072859,BWA
2018-08-09,35.72815704345703,36.22835416659119,35.60112596639529,36.19659381686185,1695026,BWA
2018-08-10,34.886539459228516,35.489947882886305,34.51338052592643,35.370854386686716,1492477,BWA
2018-08-13,34.862735748291016,35.09298534218107,34.63248959501891,34.91831549066934,1953920,BWA
2018-08-14,35.14856719970703,35.25972326141564,34.64837352356454,34.95007791874719,1968915,BWA
2018-08-15,34.95006561279297,35.04533974598387,34.60072253693661,35.01358284845933,1630955,BWA
2018-08-16,35.362918853759766,35.60904682647086,35.172370606937385,35.172370606937385,1631523,BWA
2018-08-17,35.95045852661133,36.029854224100376,35.17238000309508,35.19619940046536,1482594,BWA
2018-08-20,36.442710876464844,36.593561310019105,36.01397208950129,36.069548383936144,1573701,BWA
2018-08-21,36.4824104309082,36.863510445863675,36.29185870312164,36.44271258436321,3435150,BWA
2018-08-22,35.19620132446289,36.109251895498794,34.98977112345973,35.89488418868354,2553274,BWA
2018-08-23,34.82303237915039,35.13267762379793,34.592786262370794,35.13267762379793,2135339,BWA
2018-08-24,35.25971984863281,35.25971984863281,34.84685943170225,35.10886594533336,1921998,BWA
2018-08-27,36.450653076171875,36.7047220673731,35.362929239213734,35.4502658850164,2674826,BWA
2018-08-28,36.6729621887207,36.87145488084821,36.40301818291494,36.799996685934,1885078,BWA
2018-08-29,35.886940002441406,36.839691778997135,35.87106155163265,36.720598237004886,1777386,BWA
2018-08-30,35.33911895751953,35.91076739829682,35.27560169951794,35.863132035259504,1775909,BWA
2018-08-31,34.88481521606445,35.37895508569103,34.68556499010142,35.25143701335993,1943469,BWA
2018-09-04,34.91669845581055,34.92466984741933,34.454437180112336,34.900759126402164,2252347,BWA
2018-09-05,35.291282653808594,35.41880071022402,34.510217720948596,34.868871536726814,1662536,BWA
2018-09-06,35.203617095947266,35.57821029996107,35.03624551739604,35.31519929958438,2019808,BWA
2018-09-07,34.80512237548828,35.37896245502934,34.566022054528716,35.1318941956568,2340728,BWA
2018-09-10,35.291282653808594,35.6658723411044,35.02827169760233,35.10000038847299,2219630,BWA
2018-09-11,34.43849182128906,35.115942559916824,34.29503097411205,35.115942559916824,2123184,BWA
2018-09-12,34.8449592590332,34.97248076353758,34.13562650266583,34.326905305614254,1380808,BWA
2018-09-13,35.33114242553711,35.58618206242367,35.107981448082896,35.14783149927796,1497816,BWA
2018-09-14,35.76152038574219,35.99265274713108,35.33114122893536,35.39490199944985,1790109,BWA
2018-09-17,35.187679290771484,35.89701222877685,35.155797179577306,35.745579971674815,2401050,BWA
2018-09-18,34.25518035888672,35.28331353498685,33.56178685140652,34.653680786722,6315138,BWA
2018-09-19,35.96873092651367,36.71791370469519,34.58991548279371,34.58991548279371,5507101,BWA
2018-09-20,36.48679733276367,37.43523062267972,36.10423615085675,36.128143418505914,3172734,BWA
2018-09-21,36.07234191894531,36.95701413903161,35.968731129973605,36.75776395016605,6386251,BWA
2018-09-24,35.482566833496094,35.8651279682367,35.076094980245045,35.72963850175596,3445715,BWA
2018-09-25,34.62181091308594,35.315204596390274,34.4783500319261,35.09204360945378,2471027,BWA
2018-09-26,34.5739860534668,35.04421870339308,34.502257346875716,34.65368615137203,1546550,BWA
2018-09-27,34.087806701660156,34.494278494582154,34.03201733595533,34.494278494582154,1646632,BWA
2018-09-28,34.095787048339844,34.23924792198874,33.43427551426547,33.84871535184401,1559614,BWA
2018-10-01,33.952327728271484,34.829032339839806,33.92044906769491,34.829032339839806,2126365,BWA
2018-10-02,34.44646453857422,34.65368270020548,34.0001426532306,34.34285373085423,2095238,BWA
2018-10-03,34.79714584350586,35.05218891123881,34.30300594393893,34.61383493375116,3123886,BWA
2018-10-04,34.23923873901367,34.90075009567048,33.8088562334957,34.90075009567048,2931675,BWA
2018-10-05,33.23501968383789,33.99217405452745,33.099530210526325,33.99217405452745,2683118,BWA
2018-10-08,33.6654052734375,33.729166047084846,32.94810434097575,32.98795439277919,2296538,BWA
2018-10-09,32.597412109375,33.57772723649494,32.47786198955183,33.52193441753084,2990520,BWA
2018-10-10,30.748367309570312,32.33440096204458,30.732424530642405,32.33440096204458,5470408,BWA
2018-10-11,30.1825008392334,31.58522387275884,30.158590120312496,30.740401496279603,3636109,BWA
2018-10-12,30.16655921936035,30.923713594038656,29.783998063317224,30.69258124064578,3829229,BWA
2018-10-15,30.1825008392334,30.644762074404888,29.99918993258501,30.1107686824707,2377307,BWA
2018-10-16,30.51725196838379,30.660712881812188,30.102808562077257,30.636802153939094,2814554,BWA
2018-10-17,30.206398010253906,30.46144098843712,29.799926285856177,30.294069465730352,2531235,BWA
2018-10-18,29.41737174987793,30.341897568654257,29.361582381293843,29.967304407142905,4049499,BWA
2018-10-19,29.23406982421875,29.50505226780956,28.548649230416263,28.843538943721647,2666987,BWA
2018-10-22,29.186248779296875,29.576781345865083,29.010909248135874,29.449259802942976,2163512,BWA
2018-10-23,29.943401336669922,30.214383766398395,28.460976272818833,28.819628472809647,4070742,BWA
2018-10-24,28.524734497070312,29.7919698545184,28.484884448068485,29.72820908535366,3542048,BWA
2018-10-25,30.062952041625977,30.612884849321205,28.67616811482923,29.417379796795316,4165030,BWA
2018-10-26,30.325958251953125,30.979501784829736,28.971054929060692,29.52098592222494,3788674,BWA
2018-10-29,31.52943229675293,32.868397924761574,31.05919970349835,31.609132385052828,6355238,BWA
2018-10-30,31.003408432006836,31.80040926615134,30.62881527691217,31.505519648279563,3480250,BWA
2018-10-31,31.40988540649414,31.98372541072458,31.24251382226447,31.672896415794053,3512739,BWA
2018-11-01,32.70899963378906,32.78869972668356,31.425823302855328,31.696805690981915,3404478,BWA
2018-11-02,32.18297576904297,33.17922687233304,31.98372209457631,32.92418728065251,2734806,BWA
2018-11-05,31.385971069335938,32.38222561490384,31.290331655288764,32.07139320198978,2686186,BWA
2018-11-06,31.864166259765625,31.943866333765694,31.346115778765178,31.346115778765178,2287450,BWA
2018-11-07,32.055450439453125,32.19093988264837,31.21859615826407,32.02356833564892,2227923,BWA
2018-11-08,31.991697311401367,32.37425847158401,31.824325724506135,31.888086493504748,2195661,BWA
2018-11-09,30.915739059448242,31.601161204910245,30.6447601389495,31.56131116049521,2229741,BWA
2018-11-12,30.206398010253906,31.07513081534904,30.142640719515835,30.836030613658078,2119208,BWA
2018-11-13,30.16655921936035,30.995442299755297,30.118741233485597,30.41363090137815,2453760,BWA
2018-11-14,31.2265682220459,31.51348989343907,30.453474677961058,30.453474677961058,2722083,BWA
2018-11-15,31.70478057861328,31.9837309648982,30.286114469507034,30.91574741369304,2302786,BWA
2018-11-16,31.70478057861328,32.07140246782588,31.33019075064974,31.545380357879043,2744576,BWA
2018-11-19,31.40988540649414,31.951846753637504,31.28236387052782,31.633046367530703,1253008,BWA
2018-11-20,30.44550895690918,31.362059949555487,30.39768752359551,30.963559517970136,1657083,BWA
2018-11-21,31.44176483154297,31.625075748793527,30.604913797572618,30.604913797572618,1670602,BWA
2018-11-23,31.465681076049805,31.85621369941775,31.14688062618684,31.21860934588213,509269,BWA
2018-11-26,31.864166259765625,32.25469869465078,31.696798176650294,31.8163482876504,1352522,BWA
2018-11-27,31.170795440673828,31.856217879338793,30.788234159879664,31.561324661474238,2063658,BWA
2018-11-28,31.896053314208984,31.896053314208984,30.604909151883138,31.20265979969749,1407958,BWA
2018-11-29,31.378005981445312,31.951849488603745,31.178755723073436,31.81636000367273,1529397,BWA
2018-11-30,31.68218421936035,31.826267260217687,31.169889348399597,31.201909729027808,2406616,BWA
2018-12-03,32.57868957519531,33.13900964534689,32.298529540119524,32.77880388596373,2441832,BWA
2018-12-04,30.137296676635742,32.746796361424195,29.96119672648732,32.52266757542266,3387098,BWA
2018-12-06,29.841121673583984,30.02522754628771,29.02465245279242,29.528941245402784,2571222,BWA
2018-12-07,28.60841178894043,30.48148556641906,28.46432879042821,29.761074042644786,1899619,BWA
2018-12-10,27.920021057128906,28.62442422781804,27.67988384908402,28.376282793050386,2760707,BWA
2018-12-11,27.920021057128906,29.016650415563742,27.823966867668414,28.816536075526336,1864744,BWA
2018-12-12,28.128137588500977,28.648434802867097,28.08811472585743,28.392289175705763,1803400,BWA
2018-12-13,27.583829879760742,28.42431190186625,27.495779910783984,28.304243289336004,2313350,BWA
2018-12-14,27.719905853271484,28.160157387634463,27.399721184795716,27.439744051555987,2224970,BWA
2018-12-17,27.22361946105957,28.136142902141327,27.007496674862143,27.535799902266696,2508402,BWA
2018-12-18,27.527793884277344,28.192175897577165,27.335685512231123,27.40772528455166,2750597,BWA
2018-12-19,27.135568618774414,28.592405427180278,26.983481383540372,27.543803232927246,1941538,BWA
2018-12-20,27.183595657348633,27.671876001263243,26.64728822197833,27.103549926791292,2659376,BWA
2018-12-21,27.031509399414062,27.85598109481138,26.927449258847744,27.311669448515005,4646240,BWA
2018-12-24,26.57525062561035,27.2236225259857,26.19103036867635,26.80738535963536,865178,BWA
2018-12-26,27.535797119140625,27.567814021716348,25.982906234087697,26.75134658377352,1836798,BWA
2018-12-27,27.831972122192383,27.831972122192383,26.71132997237069,26.94346297673094,1538144,BWA
2018-12-28,27.623849868774414,28.10412600318487,27.191602561880526,27.871991295237738,1792267,BWA
2018-12-31,27.80795669555664,27.960043940949816,27.207611940711228,27.679883864738997,1395235,BWA
2019-01-02,28.120136260986328,28.25621505702815,27.08754415340082,27.255641591710937,1474187,BWA
2019-01-03,27.271648406982422,27.97605155698473,27.13556961911714,27.96804733049703,1783066,BWA
2019-01-04,28.296234130859375,28.416302722465257,27.583825072725617,27.727908076410067,2867832,BWA
2019-01-07,29.03265953063965,29.20876119452197,28.10412758419068,28.424310535547235,1832368,BWA
2019-01-08,29.94518280029297,30.065251399203344,29.50492780216776,29.71304809446061,2321643,BWA
2019-01-09,30.97777557373047,30.985778065910424,30.177314759712964,30.249358002056034,2752528,BWA
2019-01-10,31.450044631958008,31.49006749558409,30.609561027023403,30.713621166208597,2611323,BWA
2019-01-11,31.37799644470215,31.634142037731824,30.96976191262089,31.49006252644327,1929269,BWA
2019-01-14,31.53009796142578,31.87429536535682,31.00979714005019,31.17789459532444,2502267,BWA
2019-01-15,31.61813735961914,31.842266081046542,31.089834192596463,31.65015773055837,1200298,BWA
2019-01-16,31.722196578979492,32.026371015793295,31.41802214216569,31.594122036493673,1926542,BWA
2019-01-17,32.08241653442383,32.186476712676296,31.442050475994186,31.722210626557157,1611416,BWA
2019-01-18,32.51465606689453,32.666745041961136,31.906307104202515,32.25851041320897,1800901,BWA
2019-01-22,32.03437423706055,32.45861722039372,31.778225173985604,32.202468157318776,1735467,BWA
2019-01-23,31.353988647460938,32.16245192310907,31.049814174009803,31.994357968234816,1291859,BWA
2019-01-24,32.10641860961914,32.12242706116657,31.297955384211576,31.458046837259655,1883488,BWA
2019-01-25,32.802818298339844,33.163024057737566,32.43460657899634,32.63472088977285,1713542,BWA
2019-01-28,32.482635498046875,32.63472098717622,32.1384381887266,32.40258977349736,1344115,BWA
2019-01-29,32.338558197021484,32.690758059569895,32.17846671971994,32.29052936631605,1174510,BWA
2019-01-30,32.40260314941406,32.602717543395826,31.898310714034128,32.37058276510403,2156355,BWA
2019-01-31,32.73877716064453,32.770794059074774,32.1464367893939,32.31453417811866,1977776,BWA
2019-02-01,32.98693084716797,33.139016366683606,32.49865044234407,32.68275633934919,2011856,BWA
2019-02-04,32.802818298339844,32.99492664917057,32.57868957651279,32.73077506518822,1899733,BWA
2019-02-05,32.77079391479492,32.92288285363495,32.61070248577576,32.73077105754013,955944,BWA
2019-02-06,32.97091293334961,33.082975550442875,32.71476386207383,32.73877827110425,1185984,BWA
2019-02-07,31.394006729125977,32.62671635640917,31.105840752130256,32.3785732390636,2090240,BWA
2019-02-08,30.641578674316406,31.321970841265045,30.097267022029705,31.04181078908085,2736056,BWA
2019-02-11,31.073820114135742,31.321963201632826,30.609554304282,30.681594055472164,2452056,BWA
2019-02-12,32.13043975830078,32.31454566166596,31.169887369821065,31.386013651781887,3198067,BWA
2019-02-13,32.32254409790039,32.4266007649429,31.922312005759853,32.22648645326604,2676757,BWA
2019-02-14,32.6107177734375,33.475216057954995,30.017229857461015,30.065258696196878,3676437,BWA
2019-02-15,33.55524444580078,34.163593233968975,33.11499303743296,33.427169921306565,2865219,BWA
2019-02-19,33.451194763183594,33.819406534376654,33.082982991990534,33.403165934319354,1948013,BWA
2019-02-20,33.507225036621094,33.75536819668184,33.45919967804581,33.659314010744104,2080357,BWA
2019-02-21,32.67474365234375,33.61128139895294,32.52265816413184,33.355135775697036,1931541,BWA
2019-02-22,33.36314010620117,33.4351833431051,32.890871695685675,32.898874187261455,1291632,BWA
2019-02-25,33.58727264404297,33.9554844242708,33.44318962270219,33.67532434285883,1491682,BWA
2019-02-26,33.36314010620117,33.795389121263796,33.33912569389986,33.483208698920734,1224722,BWA
2019-02-27,33.1150016784668,33.515230335964176,33.010941533760054,33.28309563334343,1077610,BWA
2019-02-28,32.64077377319336,33.11499429431486,32.43179824927672,33.03461828901626,1852021,BWA
2019-03-01,32.873870849609375,33.243601918634766,32.44787726567143,32.95424686608445,1401597,BWA
2019-03-04,32.745269775390625,33.16322787237178,32.488067204010086,32.9542488238812,1343093,BWA
2019-03-05,32.552371978759766,32.86583709979864,32.504144967938124,32.777425557426426,1152131,BWA
2019-03-06,31.796831130981445,32.48002729233401,31.77271762866662,32.43180377080451,1826006,BWA
2019-03-07,31.041305541992188,31.587863362772477,30.848400937721937,31.587863362772477,1777272,BWA
2019-03-08,30.631376266479492,30.952880351791844,30.51885122986027,30.69567778016201,1313216,BWA
2019-03-11,31.049335479736328,31.258311052839503,30.510813331004194,30.647451875552495,1572565,BWA
2019-03-12,31.226154327392578,31.459243346836658,30.960912816339288,31.274381323256634,2073995,BWA
2019-03-13,31.049335479736328,31.46729010904305,31.025221975851245,31.346726072718013,1133842,BWA
2019-03-14,30.25360870361328,31.073443398545415,30.22145620624135,31.073443398545415,1264254,BWA
2019-03-15,30.390249252319336,30.534926792327795,30.18930919205769,30.46258628077338,1937789,BWA
2019-03-18,30.8966121673584,30.904651161257036,30.309866622646464,30.526881143814,1401938,BWA
2019-03-19,30.671560287475586,31.33064636311409,30.567070776720715,31.21008234680458,2395824,BWA
2019-03-20,29.93210220336914,30.591188367138102,29.819577166340434,30.55903935172997,2011515,BWA
2019-03-21,30.36613655090332,30.486700590246254,29.755277358325607,29.87584139766854,1305605,BWA
2019-03-22,29.128339767456055,30.068743733009942,29.104228006295767,30.00444222014897,1395008,BWA
2019-03-25,29.281049728393555,29.988362770188523,28.951508447782018,29.112260461890067,1625957,BWA
2019-03-26,29.578447341918945,29.771348389092953,29.321241301553528,29.39358180656882,1366608,BWA
2019-03-27,29.83565330505371,30.03659337008984,29.441808687722627,29.699014757449234,2429677,BWA
2019-03-28,30.390249252319336,30.623338328982697,29.83565259613697,29.891915116390155,2180552,BWA
2019-03-29,30.87250518798828,31.057370738797818,30.69567863277495,30.69567863277495,2332776,BWA
2019-04-01,32.56843948364258,32.58451398942585,31.475324326982257,31.475324326982257,2599850,BWA
2019-04-02,32.721153259277344,32.89797977430186,32.263007242628056,32.58451126379973,2452170,BWA
2019-04-03,33.46062088012695,33.862504498612935,33.13107777587066,33.27575532122953,2039574,BWA
2019-04-04,34.055397033691406,34.09558503715603,33.4927649851867,33.58117650294909,2845907,BWA
2019-04-05,33.87857437133789,34.29652895832423,33.830347368450994,34.03932640349417,2353678,BWA
2019-04-08,34.25634002685547,34.2804535276489,33.73389593643078,33.77408394338652,3193978,BWA
2019-04-09,33.613338470458984,34.17597067755763,33.57315045566622,34.04736763698055,1452262,BWA
2019-04-10,34.384952545166016,34.64215516414471,33.58118870081864,33.58118870081864,2327778,BWA
2019-04-11,34.37690734863281,34.58588639810907,34.05540326211566,34.36887183633004,1507926,BWA
2019-04-12,35.5504035949707,35.606666115792606,34.843090395979594,34.85112939171147,2047754,BWA
2019-04-15,35.26907730102539,35.695070806425306,35.044023799767004,35.42982930433861,1207341,BWA
2019-04-16,35.261043548583984,35.48609708329281,35.148515039679616,35.3253450560865,1732059,BWA
2019-04-17,34.96365737915039,35.99247117889922,34.9315048798174,35.60666556860587,3414589,BWA
2019-04-18,35.36552810668945,35.38160261053739,34.74663010219885,34.96364809499396,1361496,BWA
2019-04-22,35.13243865966797,35.38160568178753,35.00383913462216,35.18870116956924,1348205,BWA
2019-04-23,35.06814956665039,35.373579206766586,34.81898593944843,35.19675262031014,1532691,BWA
2019-04-24,35.003841400146484,35.14851543979916,34.818975870134786,34.93150089722019,1765458,BWA
2019-04-25,33.412391662597656,35.76741303454565,33.195373639973845,35.37356847909125,3022782,BWA
2019-04-26,34.175968170166016,34.27241870197223,33.38024344578902,33.74193555238756,2104440,BWA
2019-04-29,33.7901611328125,34.18400572211381,33.7901611328125,34.00717569098658,1027398,BWA
2019-04-30,33.573143005371094,33.83034554634821,33.17125946352581,33.68566802857988,1708203,BWA
2019-05-01,32.99444580078125,33.7901707172573,32.98641028633272,33.661567655068886,2127614,BWA
2019-05-02,32.825653076171875,33.08285918769158,32.51218791702113,32.94621713478386,1768752,BWA
2019-05-03,33.187347412109375,33.25164893742595,32.74527573172076,32.98640732243313,897213,BWA
2019-05-06,32.745269775390625,32.833684792005926,31.692342503773112,32.15048861137936,1332528,BWA
2019-05-07,31.96562385559082,32.37553948423353,31.7003822822924,32.24693993691634,1316738,BWA
2019-05-08,31.66019058227539,32.18263467244399,31.652151587648213,31.973655643136578,1253349,BWA
2019-05-09,31.0091495513916,31.097561094110848,30.390251336853837,30.920734525571746,1678440,BWA
2019-05-10,30.928768157958984,31.017183178402504,30.245571947751188,30.784094099924708,1088856,BWA
2019-05-13,29.425729751586914,30.165191866136794,29.401616250790735,30.076776857584115,1913478,BWA
2019-05-14,29.369470596313477,29.907992737631705,29.313208076756442,29.61059866564391,1631182,BWA
2019-05-15,29.731163024902344,29.843691548345284,28.501407419720916,28.967589055469407,2526010,BWA
2019-05-16,29.457887649536133,29.8758423019556,29.305171105219024,29.72312924073906,1814419,BWA
2019-05-17,29.14441680908203,29.586484932761284,29.047964537167378,29.192642074264285,1608349,BWA
2019-05-20,28.8872127532959,29.064041049295987,28.404956614014107,28.654121937666332,2518171,BWA
2019-05-21,29.58648109436035,29.6829350953117,28.991698256809634,29.088148774661136,2423656,BWA
2019-05-22,28.380840301513672,29.449843742623507,28.380840301513672,29.329279719735553,1787155,BWA
2019-05-23,28.50944709777832,28.557670623465004,27.641381838212663,28.083451722276607,2245986,BWA
2019-05-24,28.64608383178711,29.039926682131966,28.59785856760307,28.830949376301056,1501678,BWA
2019-05-28,29.289093017578125,29.35339452927107,28.7184218905659,28.758609899986475,2788766,BWA
2019-05-29,29.007774353027344,29.1444146259502,28.509443747555792,29.06403860948382,2160331,BWA
2019-05-30,29.5623722076416,29.916025280986865,29.232829152356256,29.69097174199443,2389803,BWA
2019-05-31,28.64990234375,29.2716743574928,28.359205398669,28.730653342000487,2837728,BWA
2019-06-03,29.89344024658203,30.038789572668634,28.52877429553726,28.649898150730504,3032552,BWA
2019-06-04,30.959339141845703,31.31463795412047,30.305268793737653,30.81398978679122,2456827,BWA
2019-06-05,31.34693717956543,31.363086330764336,30.361793465865443,31.007791007290955,2115346,BWA
2019-06-06,31.45191764831543,31.58919070745722,30.70094873747797,31.225818992465708,1539166,BWA
2019-06-07,32.11405944824219,32.23518333433013,31.49228736690449,31.661862207137396,1789654,BWA
2019-06-10,32.56624984741211,32.94577057756488,32.26747485841275,32.55817352365991,1737285,BWA
2019-06-11,33.04267120361328,33.26876979197362,32.85694723820037,32.92154733477103,1463168,BWA
2019-06-12,32.768123626708984,33.00229502908501,32.49357410400993,33.00229502908501,1841115,BWA
2019-06-13,33.19609069824219,33.20416352176632,32.63891890559817,32.78426822103893,1495090,BWA
2019-06-14,33.0669059753418,33.13150609007741,32.437060980400744,33.0669059753418,1440221,BWA
2019-06-17,33.13149642944336,33.454493409665524,32.93769614174571,33.00229623764493,1503950,BWA
2019-06-18,33.47873306274414,34.011679705546484,33.333383660227554,33.333383660227554,1584834,BWA
2019-06-19,33.46257019042969,33.720967078278086,33.27684622441322,33.69674160457612,1472710,BWA
2019-06-20,34.0924186706543,34.18124425067364,33.71289787282265,33.890545533587,1739898,BWA
2019-06-21,33.92284393310547,34.18931717465347,33.74519627183159,34.07626961728128,2240533,BWA
2019-06-24,33.672523498535156,34.01974953211431,33.44642835924366,33.72905078263277,1241080,BWA
2019-06-25,33.50294494628906,33.882465704877475,33.438344849252445,33.80979278275752,1320941,BWA
2019-06-26,33.58368682861328,33.94705835808177,33.502937599842504,33.57561050602691,2143973,BWA
2019-06-27,34.019744873046875,34.229690830675736,33.86631919322559,33.97129392167715,1465781,BWA
2019-06-28,33.89860916137695,34.38310805814774,33.85016172119125,34.043958480480846,3351314,BWA
2019-07-01,33.874393463134766,34.89183538597913,33.56754562138217,34.56076207001138,2099555,BWA
2019-07-02,33.17995834350586,33.89055263472959,33.026532627622565,33.80172703609846,1947331,BWA
2019-07-03,32.85695266723633,33.41412465553799,32.81657803761771,33.397975503545446,866427,BWA
2019-07-05,32.92155838012695,33.381832035570916,32.6066376151891,32.6066376151891,1180986,BWA
2019-07-08,32.50972366333008,32.96192082450444,32.31592687955469,32.6954476223579,1618800,BWA
2019-07-09,31.73453712463379,32.35630924487427,31.346939965046445,32.14635976280934,1812488,BWA
2019-07-10,31.678016662597656,32.1059884982851,31.2904194623661,31.807216895766523,1490773,BWA
2019-07-11,31.508441925048828,31.669940467544226,31.104695568810328,31.613416677525848,1522922,BWA
2019-07-12,32.27555847167969,32.420907837130784,31.524586166969954,31.73453563920759,1253917,BWA
2019-07-15,32.07367706298828,32.51779787123985,31.823353025900676,32.39667401444397,1498270,BWA
2019-07-16,32.61470031738281,32.70352588980144,30.8705116633859,31.128912056140432,2622797,BWA
2019-07-17,31.8798828125,32.59855326476122,31.758758932832027,32.477429385093245,1615619,BWA
2019-07-18,31.774911880493164,31.968712210684355,31.613413354971183,31.726464422401385,1298448,BWA
2019-07-19,32.33208084106445,32.92155110343053,31.92025824014825,31.96063286771751,2169874,BWA
2019-07-22,32.28363037109375,32.88925329296449,32.186731963333216,32.46935436054484,2470118,BWA
2019-07-23,33.65635681152344,33.963204554055295,32.929613815708834,33.15571233648352,3632360,BWA
2019-07-24,34.3023681640625,34.31851731518768,33.535246743235845,33.55947221956078,2703339,BWA
2019-07-25,32.76004409790039,33.95513696317123,32.178646812250044,33.85823508271387,3919086,BWA
2019-07-26,31.62149429321289,32.34016493617457,31.241969903459715,32.34016493617457,3305646,BWA
2019-07-29,31.371152877807617,31.79912449719153,31.346927408923005,31.532651338007337,2227696,BWA
2019-07-30,30.7493896484375,31.064313833897305,30.450618112955834,30.918964479013876,3265318,BWA
2019-07-31,30.523292541503906,31.007791581361527,30.046873326306876,30.894740522327456,2488067,BWA
2019-08-01,29.27167320251465,30.74938684332613,29.09402381279239,30.64441212441584,2401845,BWA
2019-08-02,28.940595626831055,29.14246871061618,28.391500139080836,29.069795800162904,2285178,BWA
2019-08-05,27.826263427734375,28.46418469381184,27.713214111589473,28.270386116083053,2708792,BWA
2019-08-06,27.745508193969727,28.36727842411288,27.527484184840205,28.189630786721658,2674144,BWA
2019-08-07,27.785884857177734,27.834334057330985,27.212563781513584,27.34176223180127,2524987,BWA
2019-08-08,28.24615478515625,28.399578700303692,27.729357518534883,27.915081481550782,1858837,BWA
2019-08-09,27.3013858795166,28.060430882323935,27.261011257003677,28.028130834386204,1976526,BWA
2019-08-12,26.66346549987793,27.293312078420847,26.606941726612764,27.026838862429038,1517355,BWA
2019-08-13,26.84111785888672,27.632463019477935,26.39699519995919,26.623093817270963,1643565,BWA
2019-08-14,25.436077117919922,26.35662074459264,25.33917870965817,26.324322441596866,2540664,BWA
2019-08-15,25.096925735473633,25.597572073382,24.903125459860536,25.46029731556527,1738307,BWA
2019-08-16,25.839818954467773,25.93671908912814,24.903124651298103,25.33917263281455,1580403,BWA
2019-08-19,26.25971794128418,26.429292751816607,26.098219454786193,26.292017988511162,1735013,BWA
2019-08-20,25.637948989868164,26.138595372621083,25.46837592056355,26.138595372621083,1369562,BWA
2019-08-21,25.888273239135742,26.235495728102084,25.880198663734994,26.0739972215386,1216088,BWA
2019-08-22,25.678319931030273,26.162817094706785,25.589496121717005,26.00939144736342,1119869,BWA
2019-08-23,24.93543243408203,25.70255037359234,24.79815764775575,25.500677231615942,2739918,BWA
2019-08-26,25.08077621459961,25.41184951656821,24.84660305575729,25.298800224406026,1399779,BWA
2019-08-27,25.145376205444336,25.928644923167322,25.048476062721036,25.50067322948921,2130682,BWA
2019-08-28,25.694475173950195,25.742924376920687,24.903130027125357,25.0323302345629,1613915,BWA
2019-08-29,26.44544219970703,26.542340592846966,26.00131960717766,26.00131960717766,1806694,BWA
2019-08-30,26.486032485961914,26.981172792864225,26.396743419190994,26.770129585190563,1333550,BWA
2019-09-03,26.234397888183594,26.258749767603515,25.77172449056979,26.185694129343748,1635386,BWA
2019-09-04,26.956819534301758,27.005521536754294,26.59966682627254,26.680837416615596,1782952,BWA
2019-09-05,28.482833862304688,28.701993775873227,27.41137914257703,27.443845975130397,2503403,BWA
2019-09-06,28.75069236755371,28.89680013175121,28.401658130174376,28.60458636212266,1542688,BWA
2019-09-09,29.757211685180664,29.887086043323233,28.945503981855865,29.05102645815506,1681734,BWA
2019-09-10,31.177705764770508,31.218291068714205,29.61922727930552,29.65981258324922,2457395,BWA
2019-09-11,31.754011154174805,31.770244568496423,30.40657796742111,31.202050444509453,2871694,BWA
2019-09-12,31.851423263549805,31.91635693019035,30.869254068910614,31.469918625602883,1965053,BWA
2019-09-13,32.46831512451172,32.83358275950088,32.10304397198981,32.1517477303348,2311646,BWA
2019-09-16,32.054344177246094,32.71182733638922,31.786480537686572,32.054344177246094,1566885,BWA
2019-09-17,31.283231735229492,31.79460732525916,30.92607891031212,31.697203288475915,2477730,BWA
2019-09-18,30.49587059020996,31.38063232792754,30.31729595611724,31.283228301834576,2647562,BWA
2019-09-19,30.057546615600586,30.6095073782444,30.016961317134616,30.430932768500785,1711384,BWA
2019-09-20,29.84649658203125,30.536446538646683,29.619218245757285,30.130593622990546,3267136,BWA
2019-09-23,29.878965377807617,30.276703371887976,29.416291968201705,29.4731124353988,1188824,BWA
2019-09-24,29.408180236816406,30.138717371831728,29.28642258200833,29.984491126325942,1256870,BWA
2019-09-25,29.9033203125,29.968257493425355,29.02667540507417,29.335124376319683,1271752,BWA
2019-09-26,29.68415641784668,29.943901589128558,29.42440948779842,29.943901589128558,1227675,BWA
2019-09-27,29.538047790527344,30.09812692707757,29.3432380384156,29.838378245906807,1492250,BWA
2019-09-30,29.773448944091797,29.919556736480313,29.35136250193998,29.659811504197165,1449650,BWA
2019-10-01,29.164669036865234,30.05754919734218,29.034796422372274,29.878971054726666,1585742,BWA
2019-10-02,28.16626739501953,28.766931958401468,27.89028699735668,28.71011148192477,1793971,BWA
2019-10-03,28.263671875,28.27179034231972,27.606188583174742,28.02827853313014,1526216,BWA
2019-10-04,28.531532287597656,28.539650753983786,28.158147908198107,28.32860580327545,1417501,BWA
2019-10-07,28.377309799194336,28.87245183201348,28.06074237053627,28.401659922252723,1105442,BWA
2019-10-08,27.695478439331055,28.012044152012425,27.508785343482174,27.914638370312957,1172579,BWA
2019-10-09,28.174379348754883,28.312370403682415,27.825345116677138,28.10944393358289,1173147,BWA
2019-10-10,28.734464645385742,28.86433726219606,28.344845036187987,28.344845036187987,1151336,BWA
2019-10-11,30.195531845092773,30.34975455140257,29.29453517516371,29.327003761300755,2165102,BWA
2019-10-14,30.09001350402832,30.0981319707501,29.61922333742981,30.033194789575607,1081358,BWA
2019-10-15,30.625743865966797,30.86114073120028,29.83838618272638,30.114368350496644,1223131,BWA
2019-10-16,31.112764358520508,31.21828683798035,30.641974193068826,30.70691137408513,2151811,BWA
2019-10-17,30.86113166809082,31.24263269639294,30.69067204048245,31.24263269639294,2507038,BWA
2019-10-18,31.445566177368164,31.624144310024224,30.7231457323929,30.893605398097925,2141474,BWA
2019-10-21,31.640384674072266,32.10305648860917,31.494276859604266,31.656618094005573,1476573,BWA
2019-10-22,32.25727844238281,32.26539339249326,31.29946106692814,31.50238758269388,1485661,BWA
2019-10-23,32.452083587646484,32.468320521482255,31.794600328364286,32.257275556950525,1235514,BWA
2019-10-24,31.900127410888672,32.87417825743455,31.851427154958373,32.533258878253264,1077382,BWA
2019-10-25,32.24103927612305,32.37902857873384,31.648489734696966,31.754012207587458,1591309,BWA
2019-10-28,32.801116943359375,32.96345813687888,32.47643455632037,32.53325327054555,1549504,BWA
2019-10-29,32.2166862487793,32.73618012855131,32.07869343354535,32.41961272114347,1210862,BWA
2019-10-30,31.843305587768555,32.20045835083392,31.26699290051165,32.06246551196009,1929950,BWA
2019-10-31,33.83198165893555,35.390463232821205,33.11767980269592,33.685873901460866,4882528,BWA
2019-11-01,35.43105697631836,35.46352381126413,34.1891425003386,34.2297278027876,2679824,BWA
2019-11-04,36.77036666870117,36.87588561577146,35.71514554020364,35.9018385902655,3416293,BWA
2019-11-05,36.575557708740234,37.08693313636897,36.307694054502996,36.79471760128598,2330050,BWA
2019-11-06,36.38075256347656,36.6486162647176,36.0154848392934,36.52686035665655,1359792,BWA
2019-11-07,37.31421661376953,37.57396183751213,36.697318629539076,36.77037428209802,1594717,BWA
2019-11-08,37.59019470214844,37.60642811733725,36.75413336829394,37.34668292171695,1191664,BWA
2019-11-11,37.541500091552734,37.82559723798483,37.249284476780424,37.33045509004674,1176214,BWA
2019-11-12,37.11128616333008,37.63078007312869,36.98953027287412,37.5739578435561,1458283,BWA
2019-11-13,36.28334045410156,36.90023832447025,36.16970303891761,36.81906773718662,1662650,BWA
2019-11-14,35.99113082885742,36.486272899413784,35.901845278738556,36.35640204900451,1225517,BWA
2019-11-15,36.194053649902344,36.470032229979694,36.07229425571211,36.30769106110297,1152245,BWA
2019-11-18,35.52034378051758,35.950548705115004,35.43105822250954,35.836911261274345,1808626,BWA
2019-11-19,35.317405700683594,35.73137707173186,35.13883112558666,35.674558368410004,1819758,BWA
2019-11-20,34.10795974731445,35.30928849297168,34.06737445932059,35.09012512377894,2341637,BWA
2019-11-21,34.424522399902344,34.69238599493399,34.164777269202524,34.424522399902344,1781816,BWA
2019-11-22,34.73298263549805,34.85473852275273,34.32712616044943,34.61122323071036,1558251,BWA
2019-11-25,35.28494644165039,35.3498836240286,34.489470354434026,34.63557813540166,1517014,BWA
2019-11-26,34.77357482910156,35.284950360516724,34.757337893553704,35.20377975291221,2285178,BWA
2019-11-27,34.497589111328125,35.00084612330681,34.245958846572115,34.86285680805136,1296971,BWA
2019-11-29,34.2693977355957,34.570934384817384,34.25309559375141,34.25309559375141,900507,BWA
2019-12-02,34.611690521240234,35.116972273104764,34.24495581649636,34.481294546889266,1694003,BWA
2019-12-03,33.878211975097656,34.12270171232352,33.527775978741985,34.06565481330276,1674237,BWA
2019-12-04,34.179752349853516,34.5627856070708,33.91896397462005,34.11455437313013,1679008,BWA
2019-12-05,34.76653289794922,34.77468043828858,34.19605321280071,34.3182981028339,1470552,BWA
2019-12-06,35.328857421875,35.622246565988476,35.05177042150358,35.23106221772393,1358202,BWA
2019-12-09,35.328857421875,35.41035401394427,35.00287105359792,35.17401530960749,1186098,BWA
2019-12-10,35.426658630371094,35.50000415568866,35.09252116690109,35.247363289976164,1123958,BWA
2019-12-11,35.80154037475586,35.964533551978356,35.45110433739547,35.53260092600672,1111576,BWA
2019-12-12,36.26607131958008,36.62465843930324,35.695595182059805,35.874886976091275,2751846,BWA
2019-12-13,35.69559097290039,36.67354995047314,35.67114129212911,36.48610710677307,1419205,BWA
2019-12-16,35.97267150878906,36.40460401969466,35.85857772779173,35.97267150878906,2245190,BWA
2019-12-17,36.372013092041016,36.4698082828927,36.062325377960875,36.18457024944042,1184848,BWA
2019-12-18,36.8365364074707,36.95878478907231,36.21716108843196,36.38830529101505,1828392,BWA
2019-12-19,36.59205627441406,36.90989508635745,36.44536170979866,36.72245222777444,1216883,BWA
2019-12-20,36.037872314453125,36.73059671947087,35.92377852444612,36.67354629280793,2350611,BWA
2019-12-23,36.10307312011719,36.22531798974007,35.679288080096754,36.08677451049942,995818,BWA
2019-12-24,35.76078796386719,36.10307289030047,35.605942344334714,36.10307289030047,376584,BWA
2019-12-26,35.7037353515625,35.91562785727716,35.361450446042994,35.86672850006317,680691,BWA
2019-12-27,35.66299057006836,35.97267828899347,35.52444708655602,35.801537585240524,756349,BWA
2019-12-30,35.36960983276367,35.76894529935742,35.296264304032505,35.67115008382898,682054,BWA
2019-12-31,35.353294372558594,35.654834479936774,35.263650272565854,35.320697160135595,752032,BWA
2020-01-02,35.817840576171875,35.89933716840092,35.32885749113734,35.8585888722864,1351045,BWA
2020-01-03,34.52204132080078,35.328859754555005,34.40794749703456,35.035474122730236,1193595,BWA
2020-01-06,34.37533950805664,34.46498361818877,33.910806222703464,34.228644972242975,961624,BWA
2020-01-07,34.58723449707031,34.80727810492591,34.16345295557137,34.310147516921774,1571429,BWA
2020-01-08,34.79912185668945,35.04361157868146,34.30199134264192,34.61983010022721,1217792,BWA
2020-01-09,34.17160415649414,34.986573636687154,34.16345661600504,34.978422564537674,1352862,BWA
2020-01-10,33.75596237182617,34.187894886673675,33.65816366532546,34.09824724960109,939586,BWA
2020-01-13,33.723358154296875,33.82115331907138,33.46256987101192,33.65816020056093,1935403,BWA
2020-01-14,34.008609771728516,34.32644859948365,33.67447233190754,33.67447233190754,1723085,BWA
2020-01-15,33.650028228759766,33.99231322962701,33.42183705096145,33.682625454876465,1221768,BWA
2020-01-16,34.13085174560547,34.13085174560547,33.6255736247436,33.82116401615466,1583470,BWA
2020-01-17,33.845619201660156,34.37535062216341,33.59297833431711,34.0982600690032,1620277,BWA
2020-01-21,33.006195068359375,33.6826173669717,32.9817453888125,33.617419398733226,1616869,BWA
2020-01-22,32.83504867553711,33.177337103277495,32.65575692346224,32.989894281338564,1360133,BWA
2020-01-23,33.055091857910156,33.12028982804631,32.03638461096944,32.566112379378616,1603464,BWA
2020-01-24,31.979337692260742,33.120289808148904,31.889690041919927,33.00619600922398,969462,BWA
2020-01-27,31.262168884277344,31.47406144031358,30.732441025847073,31.172524750308412,1876672,BWA
2020-01-28,28.874311447143555,29.803376459142182,28.426080201577903,28.931360119713595,17697744,BWA
2020-01-29,28.760215759277344,29.648528886670444,28.719467466881603,29.42033950875229,7165093,BWA
2020-01-30,28.572771072387695,28.91505600019126,28.238633683543906,28.523871711990164,4698269,BWA
2020-01-31,27.94524574279785,28.52387289429373,27.7822525769297,28.434227006232234,5158349,BWA
2020-02-03,28.018592834472656,28.66241614796482,28.01044176408316,28.214183207224366,3714038,BWA
2020-02-04,28.059343338012695,28.589071131994785,27.985994293696162,28.523873158711165,4599891,BWA
2020-02-05,28.556472778320312,28.654269740413458,28.189738143588485,28.43422790007637,4251594,BWA
2020-02-06,27.51331329345703,28.72761627046824,27.51331329345703,28.72761627046824,4163781,BWA
2020-02-07,27.358469009399414,27.488863187608803,27.097678887150728,27.301422108254656,2515104,BWA
2020-02-10,27.122129440307617,27.521464824482386,27.01618317382615,27.35846988919168,2244509,BWA
2020-02-11,27.798547744750977,28.06748714146128,27.032479606870737,27.097675805646467,3154104,BWA
2020-02-12,28.271228790283203,28.523867799084027,27.692601742147296,28.14898393771865,5385208,BWA
2020-02-13,28.589069366455078,28.817260493025685,27.350318545545967,27.961544651300823,6430328,BWA
2020-02-14,27.831159591674805,28.491283507609232,27.24438120788383,28.320139223726727,5689315,BWA
2020-02-18,27.98599624633789,28.36903304173198,27.66815919460649,27.8393034449596,3982816,BWA
2020-02-19,28.352725982666016,28.45867223021888,27.888194473199214,27.928942758284215,3439467,BWA
2020-02-20,28.646120071411133,28.849863310954138,28.157140534500094,28.214187440807688,2980523,BWA
2020-02-21,27.69260597229004,28.589070127197754,27.627408001297876,28.56462044661822,2816030,BWA
2020-02-24,26.20936393737793,26.771692471089626,25.924125900927883,26.722794875149887,6796915,BWA
2020-02-25,25.076560974121094,26.437556805415717,25.068411668568736,26.28271470243084,7473290,BWA
2020-02-26,24.620176315307617,25.858927147189274,24.587579096220082,25.44329317969481,3967480,BWA
2020-02-27,24.92986297607422,25.573688045116036,23.61776492470189,24.171944113358943,7489534,BWA
2020-02-28,25.896900177001953,25.921486493003574,24.11034189950059,24.159514531503824,7536451,BWA
2020-03-02,26.495153427124023,26.495153427124023,25.315040400264404,25.814949156515596,4712355,BWA
2020-03-03,25.601869583129883,26.749199460940144,25.22488892902038,26.265682262767488,5908336,BWA
2020-03-04,25.84773063659668,25.921486031893302,24.92986519817204,25.880510023084923,4736098,BWA
2020-03-05,24.50371551513672,25.21669918834882,24.233273126039336,25.06918483507784,4254206,BWA
2020-03-06,23.65960693359375,24.315224893450797,23.37277485302425,23.76614527379884,6360237,BWA
2020-03-09,21.348552703857422,22.864668625155087,21.33216301013774,22.2582233220549,4836179,BWA
2020-03-10,22.77452278137207,22.78271762860004,21.48787316854018,22.315590028227348,6358419,BWA
2020-03-11,21.954998016357422,22.44671009676679,21.479675628349174,22.176269517960428,6181544,BWA
2020-03-12,20.176633834838867,22.782713785507188,19.05388845874902,20.020924660980373,5351582,BWA
2020-03-13,21.028940200805664,21.61899583067128,19.43906705117714,21.06172136508123,5669890,BWA
2020-03-16,18.88998794555664,20.152053038088418,18.6523267177295,19.144038868117416,4783469,BWA
2020-03-17,18.267147064208984,19.43086840194308,16.96410624948929,19.152231223669734,6761018,BWA
2020-03-18,16.169174194335938,17.931146270831007,13.931878778057955,17.078843085991945,4507194,BWA
2020-03-19,17.218162536621094,18.095052036198677,14.964476545258965,15.538142490043448,5647965,BWA
2020-03-20,16.80020523071289,18.447445833068077,16.0052677818902,17.545970046129284,4888208,BWA
2020-03-23,17.332897186279297,17.775438509151357,16.046245681797156,16.751036345183575,4399274,BWA
2020-03-24,18.676908493041992,19.31613484335676,17.390257395643125,18.73427418635581,5492219,BWA
2020-03-25,19.43906593322754,20.22580672780254,17.365675612946067,19.24238073458379,5920378,BWA
2020-03-26,20.438884735107422,20.529031605815657,18.955548137837425,19.602971254310006,4767224,BWA
2020-03-27,19.422679901123047,19.816050372562227,18.44744857074291,19.332531243631852,3716651,BWA
2020-03-30,20.14385414123535,20.274978787096362,18.529396588580454,19.176819644349596,4329296,BWA
2020-03-31,19.971752166748047,21.90582441205738,19.873408697599444,20.963374600614305,8997802,BWA
2020-04-01,18.57037353515625,19.357114347297223,18.398272872689084,18.906378237536433,5199586,BWA
2020-04-02,18.25895118713379,19.250571833999768,17.865580866418544,18.31631687837663,4662485,BWA
2020-04-03,17.4476261138916,18.60315088955668,17.332892943351347,18.357294856555246,4690317,BWA
2020-04-06,20.266786575317383,20.438887266537176,17.972124306074694,18.488424604035657,4694747,BWA
2020-04-07,20.217609405517578,21.774702886356106,20.045510543664292,21.520650240713113,3592146,BWA
2020-04-08,20.922405242919922,21.192847649334716,20.070102009109558,20.570009031674843,3413680,BWA
2020-04-09,21.094499588012695,22.209050139481914,20.946985257190633,21.50426142077421,4789944,BWA
2020-04-13,21.43869972229004,21.700945456126924,20.078291321483473,21.35674770850376,2534189,BWA
2020-04-14,22.282804489135742,22.364756496723313,21.512453486975147,21.56162611208598,3621227,BWA
2020-04-15,21.692750930786133,21.832070421702536,20.85683931238178,20.987962181239908,2866810,BWA
2020-04-16,21.348552703857422,21.7910957426664,20.881425124468922,21.504263672685052,3621227,BWA
2020-04-17,22.1107120513916,22.9875998527288,21.832074789511573,22.397545936969752,4450053,BWA
2020-04-20,20.914209365844727,21.815685269865245,20.865038501750384,21.381337013986972,3321323,BWA
2020-04-21,20.906007766723633,21.053522087069116,19.889800766540237,20.119265316780325,2587694,BWA
2020-04-22,21.02073860168457,21.627185506742986,20.717515149155364,21.397719206218053,2756958,BWA
2020-04-23,21.840267181396484,22.21724790397407,21.037134878074117,21.11908690025217,3248051,BWA
2020-04-24,22.192659378051758,22.389344566841277,21.54523811214784,22.389344566841277,2861811,BWA
2020-04-27,22.995792388916016,23.200672430984064,22.053340644006877,22.291003623643483,3526712,BWA
2020-04-28,23.397357940673828,24.020194697482196,23.135110417886597,23.81531465266315,2894982,BWA
2020-04-29,24.315221786499023,24.708592157009512,23.905459948060116,24.08575544108491,2549070,BWA
2020-04-30,23.41374969482422,23.98741382730396,23.299014737490545,23.92185327758228,3851835,BWA
2020-05-01,22.258224487304688,22.91384245728272,21.87304890774637,22.80730411543296,2781496,BWA
2020-05-04,22.143489837646484,22.356566507292086,21.618994785978927,21.84846114912122,2931221,BWA
2020-05-05,22.094314575195312,23.03676623149866,22.036948879088794,22.65978556897732,2984272,BWA
2020-05-06,23.003986358642578,23.479308748402357,22.250026767151137,23.479308748402357,11355570,BWA
2020-05-07,22.815494537353516,24.26604970265852,22.725347683264868,23.635016396944344,5607523,BWA
2020-05-08,24.08575439453125,24.17590124927768,23.26623252896057,23.389160542441488,4495379,BWA
2020-05-11,23.979217529296875,24.18409933990945,23.2334527816494,23.725166641142394,6200288,BWA
2020-05-12,23.126916885375977,24.372590469775716,23.118722038257175,24.175905260433556,3385394,BWA
2020-05-13,21.586214065551758,23.085938404385228,21.26659908082676,23.003986390567945,4391776,BWA
2020-05-14,22.790916442871094,22.8073061389029,20.62737712756367,20.881428070246912,6937211,BWA
2020-05-15,22.75813102722168,22.889253898096698,22.30739316209836,22.479493816800993,4119363,BWA
2020-05-18,24.20868492126465,24.45454274944839,23.602239636660393,23.848095689146056,2675280,BWA
2020-05-19,23.675994873046875,24.495518593898495,23.667800026491932,24.151317281610286,3696317,BWA
2020-05-20,24.380779266357422,24.5938558927565,24.028384946418402,24.233266727732378,3995426,BWA
2020-05-21,24.50371551513672,24.733180116593754,24.003806748884088,24.34800631461696,3173984,BWA
2020-05-22,24.45454216003418,24.76596052928931,23.889071122108692,24.72498452152932,4270792,BWA
2020-05-26,25.83133888244629,26.085389779113612,25.46255303154462,25.601872525373707,4677026,BWA
2020-05-27,26.667251586914062,26.798376239465885,25.888707396953713,26.511544169480494,5707264,BWA
2020-05-28,26.30666160583496,26.970474369738294,25.987048381677447,26.8885223520414,4651579,BWA
2020-05-29,26.487918853759766,26.562068725967364,25.573406738453258,26.018304186546523,5165733,BWA
2020-06-01,27.402429580688477,27.904999886807236,26.471438832071108,26.710365377001775,3391982,BWA
2020-06-02,27.96267318725586,28.02034431614165,27.171743627293687,27.80613497079867,4331909,BWA
2020-06-03,28.28398323059082,29.107868344631672,28.193356421443433,28.531150014409445,4812096,BWA
2020-06-04,28.8112735748291,28.8112735748291,27.73198309314022,27.99562685575273,4031323,BWA
2020-06-05,30.722686767578125,31.093437882765528,29.972951415359557,30.566150343415913,5875051,BWA
2020-06-08,30.912179946899414,31.390033040945635,30.714449355716834,31.151108279074663,3345066,BWA
2020-06-09,30.195402145385742,30.656778286048727,29.692830048808005,30.055339108549433,3458098,BWA
2020-06-10,29.30560874938965,30.154211258734236,29.149068741260294,30.14597099556255,3486611,BWA
2020-06-11,26.908098220825195,28.242792218957987,26.69388888841659,27.71550647253917,3775155,BWA
2020-06-12,27.641359329223633,28.424050441313767,26.92457961135761,28.374616003069516,3503424,BWA
2020-06-15,27.896759033203125,27.954431941530398,26.25722716158726,26.562065086640356,2925541,BWA
2020-06-16,27.68255043029785,29.03372315093634,27.40242971368005,28.98428871818157,6539498,BWA
2020-06-17,27.468339920043945,28.415805801457292,27.278846029700457,27.690787717271476,3243734,BWA
2020-06-18,27.39418601989746,27.814367934765787,26.85866187012212,27.08110964904496,2935992,BWA
2020-06-19,28.2098331451416,28.49819409306568,27.50129205992279,28.094490908154295,6091118,BWA
2020-06-22,28.2427921295166,28.506435894467156,27.707266122462816,28.119209616770068,2718221,BWA
2020-06-23,29.182024002075195,29.379756397344238,28.33342150542139,28.811276430377855,4711333,BWA
2020-06-24,27.33651351928711,28.835983919031786,27.254125192721077,28.835983919031786,2547026,BWA
2020-06-25,27.600162506103516,27.674312371203467,26.627977567756783,27.09759218995504,2637565,BWA
2020-06-26,27.37771224975586,27.583683100531264,26.974009025205643,27.567206146530076,3534664,BWA
2020-06-29,28.901899337768555,28.951333768745585,27.55896692765125,27.715505127057025,2833866,BWA
2020-06-30,29.083158493041992,29.34680227993575,28.358138525372233,28.662976486610113,3338477,BWA
2020-07-01,28.2098331451416,29.39622905645268,28.045056480700378,29.074914203761907,2945989,BWA
2020-07-02,28.99252700805664,29.626918262114835,28.654733404588974,29.00900396108589,2892142,BWA
2020-07-06,29.12434959411621,29.78345809922378,28.671211938994723,29.65987558923213,2466597,BWA
2020-07-07,28.868942260742188,29.140824477466193,28.728882806764357,28.844226831591268,2419226,BWA
2020-07-08,28.778316497802734,29.083154416309952,28.481717055979058,28.679451207296204,2212246,BWA
2020-07-09,28.341655731201172,28.951331528081283,27.79789131375457,28.951331528081283,1878149,BWA
2020-07-10,29.25617218017578,29.25617218017578,28.333419865558497,28.46524264487651,2649720,BWA
2020-07-13,29.04196548461914,29.82465661373174,28.926621434794527,29.659879909740113,3285085,BWA
2020-07-14,29.890562057495117,29.915277487081035,28.844227339253656,29.14082499034874,2296992,BWA
2020-07-15,30.945138931274414,31.16758674975413,29.668116007496145,30.483762768994353,3284630,BWA
2020-07-16,31.1181583404541,31.3570867305231,30.426097533320394,30.607351214207306,2616776,BWA
2020-07-17,30.887470245361328,31.332365917491792,30.582630487092786,31.29941200485425,5332838,BWA
2020-07-20,31.1181583404541,31.324132814109166,30.763887672631196,30.7803682011433,3553522,BWA
2020-07-21,31.06048011779785,31.637202085953234,31.00280899207361,31.464185138476186,3566245,BWA
2020-07-22,31.56304359436035,31.752537455214817,30.846262313288953,30.936890898572607,1917000,BWA
2020-07-23,31.909086227416992,32.13977431433263,31.307647006680284,31.752546225082845,3714493,BWA
2020-07-24,31.604248046875,31.876130320945766,31.33236577280423,31.637205529665078,1621754,BWA
2020-07-27,32.11506271362305,32.17273385286369,31.307652483033365,31.686640375709313,1576882,BWA
2020-07-28,31.719594955444336,32.279836478802494,31.703114428338786,31.991477238723057,2536688,BWA
2020-07-29,32.06562805175781,32.090345274209724,31.55482092574059,31.80198600964942,2165216,BWA
2020-07-30,30.574386596679688,31.538329372913882,30.574386596679688,31.439464087970048,2573381,BWA
2020-07-31,30.154203414916992,30.640293128291063,29.71754277164904,30.491993421909637,3748118,BWA
2020-08-03,30.42608642578125,30.607340040498574,30.211875336376522,30.36841173765425,2483750,BWA
2020-08-04,30.615585327148438,30.697973671934857,30.113014995829502,30.656779499541646,5387821,BWA
2020-08-05,31.900846481323242,32.197445965063004,30.56615237479892,30.7638829837557,6075101,BWA
2020-08-06,31.867891311645508,32.164487213369746,31.373557668162878,31.711351312956413,4185478,BWA
2020-08-07,32.05738830566406,32.131536395655104,31.34884346749128,31.521860437876775,2503062,BWA
2020-08-10,33.35912322998047,33.44151157905702,32.29631138471017,32.304551647739665,3482862,BWA
2020-08-11,34.388980865478516,34.932745392789414,34.02646999050306,34.12533886478109,3584762,BWA
2020-08-12,34.19947814941406,34.94921335469575,34.00174402204676,34.71852532458572,3729374,BWA
2020-08-13,33.7463493347168,34.36426191631337,33.7463493347168,33.993514367355424,1816237,BWA
2020-08-14,34.4301643371582,34.52079292030662,33.61451779973285,33.72162333337094,3110141,BWA
2020-08-17,34.265377044677734,34.86681232794825,34.10883713790741,34.67731853043804,2200205,BWA
2020-08-18,33.95232391357422,34.553759606255966,33.88641251692468,34.21596592986758,1624707,BWA
2020-08-19,33.787540435791016,34.290110717931476,33.67219462219442,34.042942137454204,2530440,BWA
2020-08-20,33.49918746948242,33.74635252549092,33.21082466716778,33.33440719517203,2831139,BWA
2020-08-21,33.44151306152344,33.606289766981114,33.09548269412326,33.227305486611314,1685824,BWA
2020-08-24,34.09237289428711,34.248912859379324,33.408549059093204,33.73810237048268,2219971,BWA
2020-08-25,33.779300689697266,34.347782363956924,33.46622429130407,34.24891707243911,2483750,BWA
2020-08-26,34.21595764160156,34.27362876083571,33.49917985613962,33.74634485597504,3651899,BWA
2020-08-27,33.581573486328125,34.49608555808916,33.50742183249901,34.49608555808916,4017010,BWA
2020-08-28,34.13357162475586,34.215959963625515,33.50741882122479,33.68867245267721,2559294,BWA
2020-08-31,33.57929992675781,34.348672880710936,33.57929992675781,34.348672880710936,3818323,BWA
2020-09-01,34.39830780029297,34.48930982855289,33.12429732973053,33.44693795127592,3037437,BWA
2020-09-02,35.515132904052734,35.614405551540855,34.538944102887235,34.62994253599515,3351654,BWA
2020-09-03,34.91122055053711,35.672315656978704,34.48930730136072,35.4489512953621,3331888,BWA
2020-09-04,34.80366897583008,35.647495360017935,34.414845468011755,35.37449291719331,2638814,BWA
2020-09-08,34.42313003540039,35.39104840427472,33.86885076945847,34.340402214813906,3014262,BWA
2020-09-09,34.98567581176758,35.16767986363384,34.671309413562,34.745766594329616,2184528,BWA
2020-09-10,34.464481353759766,35.713676007232074,34.43966229964858,35.52340137239874,2345272,BWA
2020-09-11,35.05184555053711,35.22557532175562,34.45620266922442,34.56374949973998,3029598,BWA
2020-09-14,35.424137115478516,35.482049456294476,35.01877223985994,35.31659023469741,3479568,BWA
2020-09-15,34.96913146972656,35.75504926905564,34.96085725451716,35.57304521457076,2379579,BWA
2020-09-16,32.727195739746094,34.820213238214855,32.66101278728228,34.795394182914116,5421446,BWA
2020-09-17,32.743743896484375,33.24838492696794,32.1811941211129,32.47074143056728,4319299,BWA
2020-09-18,32.263919830322266,32.90092673780064,32.07364517945267,32.752015985597716,3962482,BWA
2020-09-21,30.94854164123535,31.96609413193444,30.70035828179724,31.77581950602906,3034483,BWA
2020-09-22,30.94854164123535,31.213269840966507,30.61762691030372,30.98163132182144,2564406,BWA
2020-09-23,30.94027328491211,31.59382507281097,30.931999070692385,31.12227373261268,2376966,BWA
2020-09-24,30.63418197631836,31.188457548880084,30.394269192512738,30.865820545676744,2534416,BWA
2020-09-25,30.452177047729492,30.658996552710658,30.06335709536786,30.452177047729492,1808512,BWA
2020-09-28,31.444917678833008,31.684830481729986,31.03954925394441,31.26291721164527,3659738,BWA
2020-09-29,31.46146011352539,31.825464605026905,31.387006523339704,31.49455338639731,1888827,BWA
2020-09-30,32.048831939697266,32.31356380722104,31.511101159439423,31.70964647506698,4651238,BWA
2020-10-01,32.710655212402344,33.049840647883705,32.33837650381685,32.48728727024805,7634942,BWA
2020-10-02,32.429378509521484,32.66929129561632,30.956819274907552,31.92473746378317,5175843,BWA
2020-10-05,33.819210052490234,34.19975939170331,32.54519969709231,32.818202172178644,5286149,BWA
2020-10-06,33.04155731201172,34.54720581970909,33.016738260288825,34.241113741830624,14185800,BWA
2020-10-07,34.36521911621094,34.69613037774052,33.47175440806257,33.57930128506277,3844565,BWA
2020-10-08,33.165653228759766,34.944304362938134,32.975378587892834,34.74575909378142,4680320,BWA
2020-10-09,32.77683639526367,33.85229780500636,32.735468909874186,33.298022256988084,3707790,BWA
2020-10-12,32.61137390136719,33.6206558361627,32.48728221282817,33.091199399068664,2124888,BWA
2020-10-13,32.22256088256836,32.95056632796077,32.148103702519435,32.479018527711595,2424565,BWA
2020-10-14,31.899919509887695,32.75202023499401,31.883374665277348,32.578290404047664,2860675,BWA
2020-10-15,32.43764877319336,32.462467828734034,31.21327310331251,31.444911646667954,2502494,BWA
2020-10-16,32.00746536254883,32.85956606063845,31.94955661574113,32.70238107928615,2169533,BWA
2020-10-19,31.982650756835938,32.32183624038628,31.693103397468978,32.057107943111006,3808440,BWA
2020-10-20,32.50383758544922,33.016749290684565,32.29701447533793,32.62792930050689,3689387,BWA
2020-10-21,32.77683639526367,33.05810948380585,32.520378778934514,32.520378778934514,3868194,BWA
2020-10-22,33.248382568359375,33.29802068046479,32.388011330291384,32.42110101501859,4553883,BWA
2020-10-23,32.88438415527344,34.026032263410336,32.809930558445714,33.64548289403137,2670736,BWA
2020-10-26,31.8337345123291,32.52037957742675,31.353912539198056,32.38801365897169,3537277,BWA
2020-10-27,31.05609130859375,31.792367241298937,30.890632135554334,31.717913660693505,3480363,BWA
2020-10-28,30.319814682006836,30.625906832037362,29.848263343159605,30.19572297915542,3262251,BWA
2020-10-29,29.318805694580078,30.53490548466123,28.913437305378913,30.510090011559335,5712376,BWA
2020-10-30,28.93825340270996,29.542167025026885,28.375703678017288,29.31052848132819,3402093,BWA
2020-11-02,29.451169967651367,30.005447330771755,29.219531399107403,29.219531399107403,3329275,BWA
2020-11-03,30.063356399536133,30.65899584309255,29.79035394227681,29.95580954243219,3882962,BWA
2020-11-04,29.64971160888672,30.08817139969003,29.120251608769234,29.65798582178475,2970867,BWA
2020-11-05,30.625900268554688,30.824449101574544,30.030259147016196,30.030259147016196,2989611,BWA
2020-11-06,30.137807846069336,31.039542953909393,29.972354050167155,30.82445283998583,3217152,BWA
2020-11-09,31.428363800048828,32.59482703381436,31.2215443320063,31.709636842580995,3309168,BWA
2020-11-10,32.09845733642578,32.42936845463321,31.403541837181862,31.858544624717084,3871147,BWA
2020-11-11,31.899919509887695,32.553471344624604,31.569008277620423,32.421105417711665,1914274,BWA
2020-11-12,30.00544548034668,31.3208214282806,29.608351328047817,30.965091175491725,5706923,BWA
2020-11-13,31.155370712280273,31.353916027034366,30.261906040841094,30.311544162037244,3860469,BWA
2020-11-16,32.048831939697266,32.05710615493811,31.370464595451963,31.79237428741434,2396392,BWA
2020-11-17,31.436641693115234,31.933012116148138,31.080911408866072,31.535917928730818,2137838,BWA
2020-11-18,31.73446273803711,32.32183158792654,31.436641205836704,31.560732913417713,2768546,BWA
2020-11-19,31.196733474731445,31.891649220928603,30.8658222389276,31.469735961272647,2638133,BWA
2020-11-20,31.0726375579834,31.238093153503474,30.807905737139567,31.047818501652458,2277453,BWA
2020-11-23,32.31355667114258,32.40455509361956,31.32909377060717,31.32909377060717,3772883,BWA
2020-11-24,33.48001480102539,33.546197743010055,32.6361885644953,32.91746517167663,2695728,BWA
2020-11-25,32.35493087768555,33.314575028773596,32.31356696746651,33.14911938789743,1667989,BWA
2020-11-27,32.67755889892578,32.67755889892578,32.18119211368116,32.363192551267936,980141,BWA
2020-11-30,32.27875518798828,32.81881025581024,31.954719986988422,32.6443330865129,4708720,BWA
2020-12-01,32.16242980957031,32.9683609301205,32.14581345255613,32.92681823732969,2816030,BWA
2020-12-02,32.079341888427734,32.27043898026321,31.83008575138419,31.92148110850433,1803968,BWA
2020-12-03,32.145816802978516,32.37845662695623,31.89656062025477,32.195669479727705,1762845,BWA
2020-12-04,33.126216888427734,33.16775957064093,32.29535964365396,32.29535964365396,2309715,BWA
2020-12-07,32.58617401123047,33.27578718655276,32.287065115971586,33.059763695475624,2527827,BWA
2020-12-08,32.694183349609375,33.34225017461434,32.486469854448245,32.63602429106651,4058133,BWA
2020-12-09,33.117916107177734,33.19269511623024,32.70248916969987,32.78557455719544,3088330,BWA
2020-12-10,31.805152893066406,32.86864984689889,31.746993859789082,32.86864984689889,2858403,BWA
2020-12-11,30.342853546142578,31.58082778193446,30.32623719140589,31.506052385364246,4141174,BWA
2020-12-14,30.19330596923828,31.015853519768452,30.126836934774573,30.86629909235287,3830365,BWA
2020-12-15,31.32326316833496,31.33987952386026,30.475789430930117,30.633653809696497,2496814,BWA
2020-12-16,31.913164138793945,31.97963314754547,31.28171395641892,31.605749023891494,2329822,BWA
2020-12-17,32.40337371826172,32.41168369551884,31.78853981602722,32.05441588213407,2542822,BWA
2020-12-18,32.0876579284668,32.41169312814572,31.722080031432448,32.40338314847019,6211080,BWA
2020-12-21,32.021183013916016,32.021183013916016,31.123860195673778,31.52267073717149,2295742,BWA
2020-12-22,32.49477005004883,32.602781755111764,31.755308069625805,32.037796897781,2577016,BWA
2020-12-23,32.91851043701172,33.500108110958195,32.636017977931374,32.81880509821244,1841115,BWA
2020-12-24,32.37013626098633,32.90188111416357,32.104260233888155,32.90188111416357,644226,BWA
2020-12-28,32.602787017822266,33.0182139501143,32.569550702932446,32.66925244658038,1134410,BWA
2020-12-29,32.02949523925781,32.86034909212479,31.87163084690666,32.8105000212592,1225062,BWA
2020-12-30,32.561241149902344,32.627710180040474,32.02949610981894,32.10427151840508,1676395,BWA
2020-12-31,32.10426712036133,32.660942021060904,32.062724432279886,32.660942021060904,1376718,BWA
2021-01-04,31.622373580932617,32.51969643063028,31.373117433822742,32.395068357075345,2088536,BWA
2021-01-05,32.37013626098633,32.59446600840456,31.46450369476597,31.46450369476597,1923930,BWA
2021-01-06,33.3754768371582,33.58319027221873,32.40337508066677,32.40337508066677,3108550,BWA
2021-01-07,34.14817810058594,34.38081791268018,33.5582703914017,33.890611951390355,2566224,BWA
2021-01-08,33.475181579589844,34.181410922886286,33.117913719019576,34.04847287227531,2339478,BWA
2021-01-11,33.3837890625,33.57488617633454,32.81880770005865,32.96836211960355,1471006,BWA
2021-01-12,34.206336975097656,34.76301196558437,33.60812289033991,33.840762701220946,3581354,BWA
2021-01-13,33.358863830566406,34.397431110106346,33.19269306584002,34.12324862820569,2552365,BWA
2021-01-14,32.901885986328125,33.732743293280286,32.63601352036868,33.59980526004552,3203179,BWA
2021-01-15,32.0710334777832,32.694173780889905,31.589137589945306,32.503076701168474,5268768,BWA
2021-01-19,32.65264129638672,32.85204841599207,31.888252738666544,32.37015237758498,2696978,BWA
2021-01-20,33.965389251708984,33.9986219658294,32.86034929979929,33.24254351473782,2571222,BWA
2021-01-21,36.22532272338867,36.474578911764425,33.98200982698455,33.99031980680155,5209355,BWA
2021-01-22,35.560630798339844,36.100685794857476,35.23659564012287,36.00098405406405,2497496,BWA
2021-01-25,36.15053939819336,36.2170084272741,35.07042577678051,35.369534607388466,2493406,BWA
2021-01-26,36.524417877197266,37.13925179861152,36.09237465706115,36.59919687331383,3610662,BWA
2021-01-27,37.305423736572266,38.618176994459176,36.167151208020904,36.43302729091513,8995530,BWA
2021-01-28,35.23658752441406,37.430046919734814,34.92917239422555,37.21402713118795,3508763,BWA
2021-01-29,34.887630462646484,36.1754572474967,34.588521702208645,35.02887486598828,3106960,BWA
2021-02-01,34.96241760253906,35.327991861167426,34.46390168543831,35.070425724058296,3540571,BWA
2021-02-02,34.34758377075195,35.34460840932083,34.31434745582653,35.27814298049152,2276090,BWA
2021-02-03,35.477542877197266,35.55232187782776,34.081704203865534,34.41404931692814,2663693,BWA
2021-02-04,35.485862731933594,35.97606515918112,35.161827506700796,35.76004527620399,2312328,BWA
2021-02-05,35.80988311767578,35.99267382349455,35.21997551364674,35.90127847058516,2114210,BWA
2021-02-08,36.092384338378906,36.28348146792255,35.52740292949336,35.94282990653991,2771840,BWA
2021-02-09,35.65202331542969,35.99267480317102,35.40276718308541,35.876353114437464,1669806,BWA
2021-02-10,36.30009460449219,36.85676958472668,35.70187693024084,36.000985767366515,3187389,BWA
2021-02-11,35.5938606262207,38.01164990307367,34.63837528290664,37.80393648072496,4500264,BWA
2021-02-12,34.887630462646484,35.60216605674249,34.18140484542761,35.377836286669066,3055954,BWA
2021-02-16,36.37486267089844,36.87337849898123,35.44430723286477,36.55765336808317,4402227,BWA
2021-02-17,37.03124237060547,37.34696752798868,35.96774880913537,36.39979205583904,5542771,BWA
2021-02-18,35.77665328979492,36.97308494916688,35.70187428579698,36.73213878192039,2976774,BWA
2021-02-19,36.192081451416016,36.690593759941564,35.66864280736205,36.30840315037839,2813418,BWA
2021-02-22,37.08940887451172,37.13925794633084,35.892973542680416,35.9345162361184,2169533,BWA
2021-02-23,37.28880310058594,37.33034578370507,35.743410247840224,36.723821890063704,3369944,BWA
2021-02-24,38.21936798095703,38.377228760967206,37.355277878424836,37.471595968904914,3123773,BWA
2021-02-25,37.47990036010742,38.48523473708058,37.10601621006929,38.41045934727692,2151243,BWA
2021-02-26,37.52994155883789,37.96362273073992,36.595865984991676,37.6550410628565,3654171,BWA
2021-03-01,37.721771240234375,38.13877330853455,37.23805231057209,37.85521219122092,2094784,BWA
2021-03-02,38.547428131103516,39.08952970447812,37.56331111303502,37.82185158540361,2290971,BWA
2021-03-03,39.464820861816406,40.35720022571876,38.630820544323385,38.79761988499593,3637586,BWA
2021-03-04,38.78929138183594,39.58158843989517,37.863553373609,39.389768429328285,2462507,BWA
2021-03-05,40.73249816894531,40.849256260120676,38.94773946626006,39.12288021715334,4182298,BWA
2021-03-08,41.45808410644531,42.14196076847952,40.94934460620178,41.1328231817528,3722331,BWA
2021-03-09,40.79088592529297,42.00852641487051,40.79088592529297,41.37468734822938,3489224,BWA
2021-03-10,41.61654281616211,41.98350358810793,40.707484107275924,40.849262844880315,2681869,BWA
2021-03-11,40.99104309082031,41.69994035655558,40.18206331979439,41.59152005191112,2893619,BWA
2021-03-12,41.97516632080078,42.06690742638278,40.82424986431318,41.11614878227077,1913138,BWA
2021-03-15,42.15864181518555,42.20034527167008,41.44974449517383,42.058562916363016,2032645,BWA
2021-03-16,40.674129486083984,42.08358642250141,40.55736775103049,41.96682830157906,1707862,BWA
2021-03-17,41.416378021240234,41.416378021240234,40.37387855078848,40.67411880306117,2877374,BWA
2021-03-18,40.16538619995117,41.5581637918065,39.98190400677757,41.132823964548884,2348794,BWA
2021-03-19,40.882625579833984,41.04108353382115,39.74004701744434,40.14036622357035,5301939,BWA
2021-03-22,40.1403694152832,40.774208509892574,39.573250796021846,40.51566802321821,2428882,BWA
2021-03-23,36.94614028930664,39.38975470104025,36.804361587998756,39.38975470104025,3991790,BWA
2021-03-24,36.27894973754883,37.6383651913263,36.25392911169907,37.22136680759889,3712675,BWA
2021-03-25,36.44574737548828,36.695946393947516,35.469968312192954,35.63676765783244,3172848,BWA
2021-03-26,38.1471061706543,38.21382663751001,36.87109034326257,37.438208890340086,3906363,BWA
2021-03-29,37.780155181884766,39.02281278545321,37.68841407323905,38.40565288411111,3024827,BWA
2021-03-30,38.80595779418945,38.89769886892887,37.613338279096865,37.91357851085318,2138634,BWA
2021-03-31,38.6641960144043,39.031153245727225,38.24719390370965,38.87269526268585,1832482,BWA
2021-04-01,38.6141471862793,39.014466387400525,37.663388631850026,38.87268764916385,2094898,BWA
2021-04-05,39.02281188964844,39.28135237961947,38.47237247867258,38.87269172173401,1902914,BWA
2021-04-06,38.92272186279297,39.4231235307254,38.772605337956804,39.031142163942825,2054002,BWA
2021-04-07,37.94694900512695,39.106206745087626,37.746787601284666,38.84766628709037,2832502,BWA
2021-04-08,38.363948822021484,38.49738976282034,37.21302883942586,37.78848883072367,2252006,BWA
2021-04-09,38.764259338378906,38.939400082140146,38.30556117666432,38.65583905005672,1605054,BWA
2021-04-12,39.681663513183594,40.02360001085963,38.99778328957059,40.015262211870734,2823301,BWA
2021-04-13,39.34806823730469,40.05696921292392,38.797628840379126,39.856807789436836,2366629,BWA
2021-04-14,39.581581115722656,40.29048196641605,39.23964461715294,39.23964461715294,1918590,BWA
2021-04-15,39.93186569213867,40.06530301367787,39.34806430918069,39.76506632961661,2069110,BWA
2021-04-16,40.832584381103516,41.11614547565092,40.173724707935556,40.1987453360031,2853632,BWA
2021-04-19,41.13282012939453,41.34966072976504,40.17372025400995,40.57403941631602,2396960,BWA
2021-04-20,39.973567962646484,41.14950498556114,39.54822811670774,40.99104702718528,2169533,BWA
2021-04-21,41.81669998168945,41.925120280907294,39.71502168773754,39.83178340002231,2688458,BWA
2021-04-22,41.3162956237793,42.1336167139917,40.790876988145726,42.06689625620597,2174190,BWA
2021-04-23,42.5089225769043,42.709080370757256,41.49144355144773,41.591522448374214,2003450,BWA
2021-04-26,42.108604431152344,43.26786222417321,42.01686333175922,42.74244348446813,1894621,BWA
2021-04-27,41.79167938232422,42.2253569653319,41.71661750706703,41.94179951870815,1854520,BWA
2021-04-28,42.08357238769531,42.450533071599715,41.724953115702576,41.74997373730764,1403869,BWA
2021-04-29,41.16618347167969,42.20034534649277,40.599064891838616,42.20034534649277,2405594,BWA
2021-04-30,40.51566696166992,41.3079676162382,40.31550915500137,40.89096555977176,2134544,BWA
2021-05-03,41.08278274536133,41.24958211084317,40.48230575245287,40.79922526969453,2356973,BWA
2021-05-04,40.44894790649414,40.83258793254822,39.681671468517166,40.69080918000865,2331526,BWA
2021-05-05,42.63401794433594,42.68405919498505,41.1244787671461,41.274598904962964,3039822,BWA
2021-05-06,43.55976104736328,43.76826026005111,42.54228199814196,42.73410199664094,2346522,BWA
2021-05-07,44.869136810302734,44.977557118449134,42.5506213411128,43.292880670629884,2645630,BWA
2021-05-10,44.1435546875,45.211071191398794,44.11019265086331,44.985892804154815,2305171,BWA
2021-05-11,43.0760383605957,43.834976873648436,42.25037938252779,43.367937232672816,1983342,BWA
2021-05-12,41.4914436340332,43.051020602920815,41.28294442580019,42.884221236334405,1932336,BWA
2021-05-13,42.325443267822266,42.525601058227636,41.191202537045676,41.29962284606974,1682757,BWA
2021-05-14,42.892555236816406,42.96761349315497,42.191995849758854,42.86753461332681,1419546,BWA
2021-05-17,43.0760383605957,43.217817089921326,42.53394045530963,42.900897591697195,1356498,BWA
2021-05-18,42.64236068725586,43.167779378934405,42.583978021634444,42.92591814542874,1495658,BWA
2021-05-19,41.716617584228516,41.95013739524318,41.0577616024915,41.69993837218399,2289154,BWA
2021-05-20,41.483097076416016,41.8000165564604,40.92431999046245,41.69993767174386,2320280,BWA
2021-05-21,42.125282287597656,42.47556023140066,41.7082838749439,41.80002135724924,1748418,BWA
2021-05-24,41.82504653930664,42.36714814891863,41.70828841670172,42.3588067341049,1232333,BWA
2021-05-25,41.53314971923828,42.342129660098664,41.24958858493595,41.87508991779564,1605054,BWA
2021-05-26,42.13362121582031,42.158638227799,41.00772195394704,41.43306175541318,1884056,BWA
2021-05-27,42.884220123291016,43.334580569863896,42.642362493670376,42.72576217479897,4385074,BWA
2021-05-28,42.917686462402344,43.19381903222122,42.26501046813557,43.14361541796609,1460555,BWA
2021-06-01,44.31508255004883,44.474069722491365,43.00136151793805,43.35280493801174,1725470,BWA
2021-06-02,44.69163131713867,46.381895827992835,43.97201353769865,46.231277731584605,2503290,BWA
2021-06-03,45.436363220214844,46.48231742855983,44.348567217416424,44.616330769528815,3349610,BWA
2021-06-04,45.561866760253906,45.89657202637382,45.27736510838073,45.436352285458945,2218494,BWA
2021-06-07,44.44060516357422,45.595339140592166,44.14773440837697,45.520031900705376,2245190,BWA
2021-06-08,44.842247009277344,44.93428877772832,43.76281677187344,44.105891104957934,1720358,BWA
2021-06-09,44.448974609375,44.92593259186085,44.306725573422796,44.75021084819561,1553139,BWA
2021-06-10,43.72098159790039,44.8673500628801,43.520159883836754,44.81714644742361,1576427,BWA
2021-06-11,44.27324676513672,44.32345400672836,43.796292474491494,43.9720141939434,1264595,BWA
2021-06-14,43.486690521240234,44.34019193687076,43.336076037182266,44.156104747151694,1444197,BWA
2021-06-15,43.587100982666016,43.63730459733786,42.967894059429625,43.49505558325612,1345365,BWA
2021-06-16,42.993003845214844,43.53689998526244,42.582987656276615,43.4113854914053,1732627,BWA
2021-06-17,41.37804412841797,43.946913825766934,40.74210260974417,43.11014695198184,2600418,BWA
2021-06-18,39.813289642333984,40.8759817526682,39.61246430897344,40.867612670650324,3751981,BWA
2021-06-21,40.5831184387207,40.8676201397818,40.08942953628674,40.164736783736195,2141360,BWA
2021-06-22,40.57474136352539,40.93455020901187,40.24840159040672,40.583106818558164,2452965,BWA
2021-06-23,40.53290557861328,40.917818063927776,40.34044933595603,40.74209635843234,1608349,BWA
2021-06-24,40.80904006958008,41.25252526906349,40.3404512501035,41.118641713179116,1697298,BWA
2021-06-25,40.95966339111328,41.35294140080455,40.60821991859166,41.1019124210715,2866242,BWA
2021-06-28,40.0977897644043,40.95129113015973,39.77145356652292,40.901083887661564,1511448,BWA
2021-06-29,40.465972900390625,40.88435455407879,40.05595670410459,40.415765651500294,1345024,BWA
2021-06-30,40.61659240722656,40.7923105321014,40.15636894634232,40.29025253053987,1473165,BWA
2021-07-01,41.11027908325195,41.444988025494254,40.48270661552134,41.060075461505086,1489750,BWA
2021-07-02,41.11027908325195,41.13538270718504,40.49944115610363,41.13538270718504,1305037,BWA
2021-07-06,40.01411056518555,40.892715488971824,39.336330970823056,40.81740463064341,2399686,BWA
2021-07-07,39.386539459228516,40.039215454854045,38.49119996944901,39.712875643981896,1804990,BWA
2021-07-08,39.00999450683594,39.671039620148754,38.25690761585203,38.5832474442831,1965734,BWA
2021-07-09,39.99737548828125,40.3320807400225,39.59572846096803,39.8969646379826,1792722,BWA
2021-07-12,40.26514434814453,40.440866079251194,39.327966617067815,39.71287915848283,1915750,BWA
2021-07-13,39.79655838012695,40.37392723428674,39.654309343984174,40.25678182243253,2037302,BWA
2021-07-14,39.696144104003906,40.332085609540485,39.44511513488984,39.888600372215166,1995270,BWA
2021-07-15,39.604103088378906,39.846766627760154,39.185721426810666,39.32797046651998,2075813,BWA
2021-07-16,38.466102600097656,39.83003113559002,38.4075298941004,39.77145842959276,1964826,BWA
2021-07-19,37.81342315673828,38.081186664862315,37.13564349062894,37.52892148313477,2616890,BWA
2021-07-20,39.353065490722656,39.45347996844874,37.81341913697361,37.81341913697361,2051502,BWA
2021-07-21,39.72962188720703,40.42413618242057,39.56226559362014,39.80492913711955,1621754,BWA
2021-07-22,38.884483337402344,39.486955802406605,38.71713068070544,39.486955802406605,1775227,BWA
2021-07-23,39.327964782714844,39.44511380669486,38.85937956515154,39.30286478754384,1464531,BWA
2021-07-26,39.955543518066406,40.02248530400286,39.42838193973064,39.46185101963929,1401029,BWA
2021-07-27,39.63756561279297,40.18146163308706,39.41164029881759,39.67940376820021,1658219,BWA
2021-07-28,39.91370391845703,40.18146742644576,39.41164598118353,39.69614402852424,998885,BWA
2021-07-29,40.91781997680664,41.177214380237636,40.17309859016446,40.440862075626896,1524512,BWA
2021-07-30,40.98476028442383,41.38640734680389,40.44086420285802,40.57474776569102,2091944,BWA
2021-08-02,40.82577133178711,41.82152158674886,40.63331509544001,41.28599103229961,1642202,BWA
2021-08-03,41.302738189697266,41.50356356877591,40.3488257978427,40.93456376723241,2296538,BWA
2021-08-04,39.12715148925781,41.453358043594605,39.01837152432556,41.30273990954377,3361878,BWA
2021-08-05,38.92631912231445,39.89696954839518,38.80917372023452,39.461849766683294,1840434,BWA
2021-08-06,38.106292724609375,39.244292239582784,38.04772002004147,38.90958692648699,3236805,BWA
2021-08-09,38.13975143432617,38.49956389940533,37.54564821468484,37.96403336840454,2036053,BWA
2021-08-10,38.37405014038086,38.40752284203286,37.687905082998576,38.022610342806395,1509517,BWA
2021-08-11,39.16061782836914,39.269397785674315,37.9975146327514,38.390796295787,1710362,BWA
2021-08-12,38.71712875366211,39.55389562161802,38.507937943202904,39.16061399705944,1579040,BWA
2021-08-13,38.164859771728516,38.99325747451288,38.0811834558585,38.784066684837846,1178259,BWA
2021-08-16,38.15650177001953,38.24854355978648,37.34483844661988,37.76322010770447,1564499,BWA
2021-08-17,37.395042419433594,37.796689504101955,36.658686409108995,37.579129608955185,2242237,BWA
2021-08-18,37.03522872924805,37.687904704542966,37.010125109790806,37.23605043266864,1281635,BWA
2021-08-19,35.57925796508789,36.77583370586486,35.33659808481105,36.51643566050496,1934040,BWA
2021-08-20,35.54579162597656,35.64620249361681,34.96842279133645,35.194348150056825,1763640,BWA
2021-08-23,35.478843688964844,35.87212163428819,35.43700553252367,35.780079865788764,2939968,BWA
2021-08-24,36.307247161865234,36.41602711121245,35.5876293056783,35.72150925200479,2053547,BWA
2021-08-25,36.09804916381836,36.75909418532695,35.855385690308196,36.49132709371319,2022194,BWA
2021-08-26,35.58762741088867,36.12315804603897,35.39517114553964,35.964170858959776,1776704,BWA
2021-08-27,36.39091873168945,36.53316774249603,35.5876246542472,35.738242747032466,1641406,BWA
2021-08-30,35.94742965698242,36.57500195411397,35.94742965698242,36.54153288204762,1264936,BWA
2021-08-31,35.85502243041992,36.27506617842508,35.745810327833624,36.039840951437235,2704702,BWA
2021-09-01,35.754215240478516,35.93063144306317,35.1661503102879,35.81302064134007,1928928,BWA
2021-09-02,36.45149230957031,36.459891001667295,35.48538788163901,35.85502862809216,1918818,BWA
2021-09-03,36.24146270751953,36.54389565038262,36.14064929954875,36.52709098870441,1081926,BWA
2021-09-07,36.174259185791016,36.61110398916835,35.95583496383983,36.11545378465802,1276296,BWA
2021-09-08,35.48538589477539,36.08184954285692,35.157753189253256,35.94743771210242,1222450,BWA
2021-09-09,35.78781509399414,36.07344703007606,35.19135150909424,35.24175821561599,1800333,BWA
2021-09-10,36.006248474121094,36.29187684244182,35.73741749155366,36.03985052667915,1650040,BWA
2021-09-13,36.770721435546875,36.98074331783228,36.18265652462282,36.43468642389023,1699570,BWA
2021-09-14,36.081851959228516,37.00595201524359,35.880232379331865,36.91354091748445,1685824,BWA
2021-09-15,36.73711395263672,36.82952503253088,35.98943754449205,36.25826481255953,1748418,BWA
2021-09-16,36.317073822021484,36.57750242543502,35.44338056321726,36.53549804685381,2557704,BWA
2021-09-17,36.05664825439453,36.308678187626526,35.46858690474581,36.0398472296525,4098574,BWA
2021-09-20,34.7461051940918,34.76290621647318,33.83880629919805,34.14123926416263,2776384,BWA
2021-09-21,34.914119720458984,35.2081503288869,34.41846593908003,34.88051767856277,2925314,BWA
2021-09-22,35.871829986572266,36.25827176134034,35.37617608932404,35.44338382935224,2022875,BWA
2021-09-23,36.7623176574707,37.55200208810518,36.132252035407184,36.41788032786607,3345520,BWA
2021-09-24,36.82112503051758,37.526800749421724,36.59430212250462,36.82952736213934,2178507,BWA
2021-09-27,37.19916915893555,37.65281498830727,36.65310860058059,36.77912173546441,2279043,BWA
2021-09-28,37.57720947265625,37.85443910421242,36.92194042730308,37.56040844903697,2741054,BWA
2021-09-29,37.16556167602539,37.88803840399026,36.84632768830778,37.577206747735566,1210749,BWA
2021-09-30,36.300270080566406,37.358781797762646,36.29186774926929,37.224369980682454,1950058,BWA
2021-10-01,36.82112503051758,37.173964710232134,36.15745732919727,36.66150985390382,1242557,BWA
2021-10-04,37.42598342895508,37.6108019226569,36.9471343551063,37.031143092291146,2165102,BWA
2021-10-05,38.08125686645508,38.358486460461776,37.05634723767124,37.45959359306705,2307784,BWA
2021-10-06,36.83793258666992,37.79563464313636,36.01464236303237,37.543608360991286,2807851,BWA
2021-10-07,38.45930099487305,38.87934474337811,37.451192357936115,37.54360343881714,2231786,BWA
2021-10-08,39.190181732177734,39.895857510189735,38.64412478467423,38.74493456995444,2164194,BWA
2021-10-11,39.4170036315918,40.147879038972924,38.98855754423484,39.089367317576226,1817714,BWA
2021-10-12,39.75303649902344,39.9546560348658,39.2909883922371,39.48420559720076,1906094,BWA
2021-10-13,39.585018157958984,39.80343871035677,38.803732461857784,39.60181917883196,1934381,BWA
2021-10-14,40.315895080566406,40.32429741159242,39.61862174272265,39.8202449226246,1534395,BWA
2021-10-15,39.5094108581543,40.89555888600777,39.40860108536263,40.819952466545224,2720152,BWA
2021-10-18,38.560115814208984,39.45901246610176,38.190475082821,39.28259261242508,3076629,BWA
2021-10-19,38.49290466308594,38.99695718256489,38.39209488729513,38.64412114703461,2077971,BWA
2021-10-20,38.45930099487305,38.87934474337811,37.47639571095137,37.6444132103534,2953259,BWA
2021-10-21,38.627323150634766,38.72813293432321,38.098067235613875,38.43410227492552,1389214,BWA
2021-10-22,37.87123489379883,39.0389586615671,37.85443387250155,38.82893679403949,1340707,BWA
2021-10-25,38.215675354003906,38.38369286183668,37.778830561743675,38.140068931689136,1516787,BWA
2021-10-26,36.99755096435547,38.31649153367101,36.80433006995362,38.2996905081851,2004813,BWA
2021-10-27,37.56040954589844,38.01405539949241,36.40108427443546,36.938742529629536,1699683,BWA
2021-10-28,38.08125686645508,38.12326124007656,37.686416482518105,37.87123499834768,1095899,BWA
2021-10-29,37.86284255981445,38.51811162461187,37.68642270526409,38.014055417400165,2054910,BWA
2021-11-01,39.139774322509766,39.148173013379335,38.156869013504306,38.156869013504306,1489182,BWA
2021-11-02,39.526222229003906,39.761443858597346,38.71133429603579,39.206984553354665,3408341,BWA
2021-11-03,39.492610931396484,39.91265469678192,37.80402989781215,38.64412106910794,4034845,BWA
2021-11-04,39.12297439575195,40.66033910924949,38.988562560843775,40.1562865371619,2979387,BWA
2021-11-05,39.40019607543945,40.03026530373269,39.1565721710454,39.61022157855358,2423997,BWA
2021-11-08,39.29098892211914,39.853846804417415,39.03895903813032,39.492608460680565,2124774,BWA
2021-11-09,39.06416320800781,39.64382576441969,38.85414133405962,39.29098974429168,1481458,BWA
2021-11-10,39.492610931396484,40.05547248943291,38.828939597772546,38.904549659856876,1748986,BWA
2021-11-11,39.68583297729492,39.95466026706852,39.45901006531486,39.660629622513795,1738194,BWA
2021-11-12,40.53432083129883,40.66873628970443,39.7530387154316,39.93785724034566,1945627,BWA
2021-11-15,40.786346435546875,40.92916422302405,40.34950166347642,40.86195649489211,1598352,BWA
2021-11-16,40.66033172607422,41.26519761516696,40.64353070482712,41.164387847159716,2087173,BWA
2021-11-17,40.299102783203125,40.853562097309904,39.837054568289304,40.65194251428498,1672192,BWA
2021-11-18,39.30779266357422,40.51752090022685,39.1985805557443,40.3999064608235,3441853,BWA
2021-11-19,38.52650451660156,39.316188936512496,38.282880602255204,39.00535729528706,3753003,BWA
2021-11-22,39.803436279296875,40.290691338525164,38.30807998349139,38.644114942525235,2623138,BWA
2021-11-23,40.10587692260742,40.71074287777865,39.51781563104377,39.8118462768256,2143973,BWA
2021-11-24,39.48420715332031,39.99666198452602,39.400198403321,39.65222829384372,1360701,BWA
2021-11-26,37.99725341796875,38.22407997957567,36.98074597836605,38.09806684113857,1940515,BWA
2021-11-29,37.644412994384766,38.94655224780478,37.32517901924743,38.83734014571507,2215768,BWA
2021-11-30,36.49754333496094,37.61911923167269,36.43007965602627,37.27337016112578,3410954,BWA
2021-12-01,36.12649154663086,38.15038324856411,36.11805721801069,37.47575024499404,2920656,BWA
2021-12-02,37.332393646240234,37.53478465125598,36.37947892372789,36.57343559980558,1997202,BWA
2021-12-03,37.00352096557617,37.475759433151744,36.5144101822351,37.18904335120906,1481117,BWA
2021-12-06,37.77091598510742,38.386516188543844,37.10471710299253,37.38300252694484,1695026,BWA
2021-12-07,38.41181182861328,38.82502093193115,38.28531879848872,38.37807816127984,1458170,BWA
2021-12-08,38.95994186401367,39.19606287883024,38.43710116892388,38.52143349614785,1363768,BWA
2021-12-09,38.892478942871094,39.09486995420151,38.538299241028774,38.77442026038656,1415229,BWA
2021-12-10,38.850318908691406,39.45748835554383,38.529869179383546,39.36472534161106,1677986,BWA
2021-12-13,37.78776931762695,38.909341343748835,37.76246998610465,38.79128266916274,1562682,BWA
2021-12-14,37.610687255859375,38.13352805954124,37.509493558317196,37.52635856550932,1724902,BWA
2021-12-15,37.661285400390625,37.720314751924825,36.649337476080056,37.450463677490376,1815782,BWA
2021-12-16,37.29022979736328,38.52143353824838,37.273364793655524,38.15038518473434,1383421,BWA
2021-12-17,36.792694091796875,37.46732723333857,36.51440869746864,36.97822012427519,4204904,BWA
2021-12-20,35.3843994140625,36.337317877225765,34.90372667201904,35.94940448995479,2817053,BWA
2021-12-21,36.15178680419922,36.17708613537764,35.65424912670675,35.75544279703202,2148176,BWA
2021-12-22,36.29514694213867,36.50596860247898,35.92409862730676,36.13492028764707,1338094,BWA
2021-12-23,36.78425979614258,36.90231848302118,36.37104708328972,36.497540099683455,1339230,BWA
2021-12-27,37.391422271728516,37.44202093561353,36.55656624395708,36.767391573885604,1202002,BWA
2021-12-28,37.872108459472656,37.981736490126494,37.27337328355597,37.27337328355597,1091810,BWA
2021-12-29,37.8383674621582,38.26001449556768,37.77933811997306,37.88053545444907,845866,BWA
2021-12-30,37.79620361328125,38.158817654808466,37.74560859977742,37.83836795172886,1015811,BWA
2021-12-31,38.00703048706055,38.15881918805986,37.79620513196252,37.821504466925404,731357,BWA
2022-01-03,38.099788665771484,38.69852373904479,37.80463829389654,38.344344023672626,2398778,BWA
2022-01-04,40.41883087158203,40.70554688740961,38.47926781001445,38.47926781001445,2297787,BWA
2022-01-05,40.452571868896484,41.641611553377714,40.35981249946145,40.89951467156022,3123432,BWA
2022-01-06,41.06816864013672,41.39705270728636,40.157418102906554,40.477867839723174,2281542,BWA
2022-01-07,41.00071334838867,41.47295550499356,40.79832228653387,41.22840009538438,1304128,BWA
2022-01-10,40.520023345947266,41.16935700830596,40.14054434272444,41.0681596839358,1744214,BWA
2022-01-11,40.96697235107422,40.983837356281924,40.08995188199452,40.52002961393052,1359792,BWA
2022-01-12,40.342933654785156,41.295852028059315,39.67673861165017,41.15249036298973,1869629,BWA
2022-01-13,42.06324768066406,42.24033936639012,40.56219282555222,40.621222169331276,2830798,BWA
2022-01-14,41.962059020996094,42.029519048025364,41.24526151711142,41.64160927504972,1232787,BWA
2022-01-18,41.28742218017578,41.869292269346005,40.992271797874494,41.75122992379209,2422066,BWA
2022-01-19,39.196067810058594,41.565708930997445,39.17076847414738,41.47294957184182,2025488,BWA
2022-01-20,37.509490966796875,38.8756185795939,37.450461618508044,38.698526880338235,2766387,BWA
2022-01-21,37.03725051879883,37.86367239476195,36.733665779256675,37.36613459570105,2022648,BWA
2022-01-24,37.248069763183594,37.374562787185184,35.451864437094144,36.00843520445677,2454214,BWA
2022-01-25,37.23963165283203,37.787771688917665,35.66268252351609,36.55656793080808,2408093,BWA
2022-01-26,37.29022979736328,38.15881585939389,36.80955709255447,37.770906156560756,1890077,BWA
2022-01-27,36.67463302612305,38.11665492359129,36.15179228381545,37.703445851136834,1679576,BWA
2022-01-28,35.97470474243164,36.51440684298772,34.988056244069334,36.413213155932084,2301877,BWA
2022-01-31,36.978214263916016,37.028809274800544,35.41813016773102,35.79760919411392,2599963,BWA
2022-02-01,37.70344543457031,37.77090910906357,37.04568100344178,37.08784534320144,2459440,BWA
2022-02-02,38.04075622558594,38.14194989968481,37.5685142072731,37.64441220363868,2257005,BWA
2022-02-03,37.29022979736328,38.217848853954045,37.197466795387605,37.91426416965971,1638226,BWA
2022-02-04,36.52284240722656,37.1047125226421,35.553058881533985,36.77582846061006,2255074,BWA
2022-02-07,36.58186340332031,36.78425439245192,36.18551940772155,36.64932706636418,1593240,BWA
2022-02-08,37.52635192871094,37.61068060414687,36.46380915646263,36.85172252522345,1812034,BWA
2022-02-09,37.71187973022461,38.13352682268827,37.61912036648184,37.686584047451596,1867811,BWA
2022-02-10,37.155303955078125,38.28531406483078,37.02038026559433,37.2818006239517,1634250,BWA
2022-02-11,36.59030532836914,37.475756496885325,36.12649757343209,37.07941241899876,2623592,BWA
2022-02-14,36.05902862548828,36.73365798860161,35.58678660955353,36.590299979817736,3063906,BWA
2022-02-15,38.18412399291992,38.31905136245772,36.0253043522627,36.23612608317207,3917382,BWA
2022-02-16,38.13352966308594,38.53830812466533,37.14688102098943,37.77091554845462,3146834,BWA
2022-02-17,37.62754440307617,38.26001310297532,37.315529044835394,37.94799409034589,2107621,BWA
2022-02-18,36.73366165161133,37.7203101170621,36.514405624980284,37.39986040675093,1946536,BWA
2022-02-22,35.738590240478516,36.85173196487765,35.12298636684133,36.52284785379983,2718221,BWA
2022-02-23,35.67955017089844,36.61560363898341,35.58679081514134,36.53127495862842,2531462,BWA
2022-02-24,34.6591682434082,34.71819758293128,33.87491086291985,34.27968921940306,2846930,BWA
2022-02-25,35.54462432861328,35.83977469203319,34.69290324670319,34.69290324670319,2301536,BWA
2022-02-28,34.723323822021484,35.30754654831113,34.308437772620955,34.68945355129358,2611096,BWA
2022-03-01,32.87750244140625,34.680981134902424,32.445683185872035,34.62170909141541,4953755,BWA
2022-03-02,34.393104553222656,34.63865023232655,33.131516897877894,33.1823167951776,2615299,BWA
2022-03-03,33.791954040527344,34.52011912112199,33.33473282625109,34.308443652250084,2879874,BWA
2022-03-04,31.268775939941406,33.09765333533979,30.989363606034992,32.85211127568178,5094165,BWA
2022-03-07,29.651565551757812,31.226435817044955,29.59229533326518,31.13329716435563,4253525,BWA
2022-03-08,30.58294105529785,31.632855239460113,29.507626919922778,30.083384831726434,4437443,BWA
2022-03-09,31.717531204223633,32.615036672022015,31.70059423113484,31.86993827770483,3107414,BWA
2022-03-10,31.090965270996094,31.370377588551616,30.57447572432716,30.786151166537746,2986090,BWA
2022-03-11,30.752281188964844,31.412711104022705,30.735347888273473,31.16716540184131,2847270,BWA
2022-03-14,30.743816375732422,31.429646282809472,30.447470753768627,30.70148128688045,1848499,BWA
2022-03-15,30.921621322631836,31.4804458927803,30.54060373635167,31.03169327362318,1771706,BWA
2022-03-16,32.310218811035156,32.53036274400139,31.319574781874977,31.488915139791196,1951307,BWA
2022-03-17,32.47109603881836,32.47109603881836,31.47198347220251,31.59898874723516,2363221,BWA
2022-03-18,32.69969940185547,32.81823617130891,31.827595923430295,32.149343300902075,3604642,BWA
2022-03-21,32.49649429321289,32.86904530303285,32.022343465971204,32.81824172513393,1702750,BWA
2022-03-22,32.555763244628906,33.09765090086538,32.352552621649444,32.674300022809476,1743419,BWA
2022-03-23,31.67518424987793,32.369478803343625,31.438107076473646,32.1493385966865,2668350,BWA
2022-03-24,32.615028381347656,32.81823531487561,31.78526000926506,31.92919855961297,1546437,BWA
2022-03-25,32.67429733276367,32.708167601732264,32.18320962081209,32.56422537969372,1142475,BWA
2022-03-28,32.65736770629883,32.88597645350511,32.242481631780635,32.742037884463215,1518491,BWA
2022-03-29,33.93588638305664,34.52858125606069,33.68187586713528,33.82581809484076,1698661,BWA
2022-03-30,33.54640197753906,33.927417708080014,33.28392300660266,33.54640197753906,1494749,BWA
2022-03-31,32.93677520751953,33.512533068608185,32.9283067232674,33.21618748840537,1914501,BWA
2022-04-01,33.32625961303711,33.79194552723383,32.85210521454371,33.39399647984864,1943582,BWA
2022-04-04,32.8436393737793,33.22465882161338,32.74203589997775,33.16538676514052,2117277,BWA
2022-04-05,31.39577865600586,32.39488745418233,31.311108481061883,32.21707861912491,2784904,BWA
2022-04-06,31.51431655883789,31.759862276458104,31.006295491029217,31.26877451040549,2280293,BWA
2022-04-07,30.769216537475586,31.35344293428329,30.12572175324357,31.074030628782875,2316986,BWA
2022-04-08,30.828487396240234,31.582054199919366,30.413603147229836,30.625278597276576,2730262,BWA
2022-04-11,31.20103645324707,31.802196161742145,30.566008307927873,30.591408259600588,7282669,BWA
2022-04-12,31.378847122192383,31.988475422759993,31.184108621432063,31.565124474692663,1869402,BWA
2022-04-13,31.20103645324707,31.675190899597073,31.04862940483545,31.361908317622426,1779317,BWA
2022-04-14,31.336505889892578,31.700588367759824,31.107897156548642,31.226437600303438,2394234,BWA
2022-04-18,31.573579788208008,31.68365173541053,31.10789388550961,31.209497348624545,1296858,BWA
2022-04-19,32.538818359375,32.58962192005927,31.71751858955803,31.71751858955803,1732627,BWA
2022-04-20,32.818241119384766,33.300864092952246,32.64043593839653,32.860576210456436,1505314,BWA
2022-04-21,32.80130386352539,33.8512161970785,32.64889682019812,33.419396852515824,1809648,BWA
2022-04-22,32.05620574951172,32.53882499772576,31.75986014649761,32.03927244889128,1971528,BWA
2022-04-25,31.937664031982422,32.02233787007992,31.09096234288157,31.836060563127802,1438971,BWA
2022-04-26,30.42206382751465,31.79372340995853,30.42206382751465,31.573579517441388,1847818,BWA
2022-04-27,31.090965270996094,31.624388119204315,30.311998542904814,30.57447572432716,1653334,BWA
2022-04-28,31.827594757080078,32.00539990474442,30.91315255828928,31.573580589068875,1726038,BWA
2022-04-29,31.18410301208496,32.208613589795895,31.065562566435986,31.80219601891934,2208611,BWA
2022-05-02,31.60745620727539,31.649791297578755,30.63374729570406,31.006296457292457,2165670,BWA
2022-05-03,32.29328155517578,32.64889552942183,31.353441216137217,31.607451721911165,2914522,BWA
2022-05-04,33.004520416259766,33.182325607811464,31.057098772889823,31.66672705589054,3462642,BWA
2022-05-05,32.25940704345703,33.00450883208942,31.861458037253737,32.284808824531055,3270430,BWA
2022-05-06,32.149349212646484,32.48802995243417,31.47198406388301,32.403359767487245,2151243,BWA
2022-05-09,31.175634384155273,32.44569066327172,31.09096421016002,31.590520438244603,2598032,BWA
2022-05-10,30.735347747802734,31.929200478901716,30.057984535149277,31.658252992327792,2506357,BWA
2022-05-11,30.51520347595215,31.63285450664436,30.489803525327762,30.980891252524426,2244282,BWA
2022-05-12,31.048625946044922,31.074027729481735,30.227322406982502,30.320459221928093,8699829,BWA
2022-05-13,32.513427734375,32.648897812080094,31.488913485928464,31.590520630691866,2547934,BWA
2022-05-16,31.70905303955078,32.36948104360354,31.361903904198634,32.35254774487135,2052184,BWA
2022-05-17,33.410926818847656,33.410926818847656,32.20860762974074,32.20860762974074,1831232,BWA
2022-05-18,32.47109603881836,33.26699796386914,32.31022048893084,32.90291177241655,2696182,BWA
2022-05-19,32.90290832519531,33.49560321577272,31.996938192051374,32.09007318247145,2740032,BWA
2022-05-20,32.3017463684082,33.55486926650254,31.446576198016924,33.52100266674319,2249734,BWA
2022-05-23,32.34408187866211,32.7843659773222,32.0562011328246,32.69969581722653,1832141,BWA
2022-05-24,31.70905303955078,32.056202174902936,31.311104008002058,31.886861849206696,2390030,BWA
2022-05-25,32.58115768432617,32.792836768648314,31.58204899105224,31.66671915710618,2147154,BWA
2022-05-26,33.35166931152344,33.63954647730529,33.08072177997796,33.08072177997796,1739557,BWA
2022-05-27,33.63954162597656,33.91048911844733,33.470201277776155,33.622608324994054,1661400,BWA
2022-05-31,34.285804748535156,34.54941171425295,33.3419255460802,33.758590817099574,3191138,BWA
2022-06-01,34.11573791503906,34.566419025060284,33.68206287455618,34.34532906619539,2241669,BWA
2022-06-02,34.20927047729492,34.41335435073658,33.93716233099457,34.09872919142195,1505995,BWA
2022-06-03,33.41845703125,33.88614422665012,33.26539503030975,33.78410412100848,1493840,BWA
2022-06-06,34.08171844482422,34.268796244598185,33.73308115924246,33.86913338594933,1771706,BWA
2022-06-07,33.8691291809082,33.95416319390071,33.40144210944942,33.85212311530063,1740466,BWA
2022-06-08,33.75008773803711,34.15825179424871,33.622536700780685,33.775598682479426,1508835,BWA
2022-06-09,33.30790328979492,33.860628060339536,33.29940209945094,33.56300532929799,1689346,BWA
2022-06-10,31.887836456298828,32.93375937581448,31.887836456298828,32.670152426835244,1901778,BWA
2022-06-13,29.991573333740234,31.275592259651024,29.864022297285903,31.04599744606913,2288018,BWA
2022-06-14,29.813003540039062,30.45926362666139,29.600418470091622,30.144636617652594,2385146,BWA
2022-06-15,30.425249099731445,30.73987610308121,29.795995093031916,30.187153088681765,2243486,BWA
2022-06-16,28.018775939941406,29.61741983394669,27.780679962430945,29.464357870907488,3167509,BWA
2022-06-17,28.63102912902832,28.937151269691682,27.704154145068507,28.112320070082472,4314187,BWA
2022-06-21,30.10211753845215,30.195654594316213,29.073202554037387,29.583408529385267,2433085,BWA
2022-06-22,30.059602737426758,30.688854916059697,29.617424684276045,29.68545264398466,2401163,BWA
2022-06-23,29.608917236328125,30.297696122992217,29.175244097657757,29.91504118595661,2536347,BWA
2022-06-24,30.348718643188477,30.595317692740892,29.63443059742984,29.736472536457203,2389690,BWA
2022-06-27,30.3912353515625,30.816405487040424,30.085111380036295,30.50178032377781,2212019,BWA
2022-06-28,30.65484046936035,31.16504644378431,30.408239594613224,30.688852604174773,2981546,BWA
2022-06-29,29.87252426147461,30.544295240384137,29.540891210073735,30.518784297015802,2420589,BWA
2022-06-30,28.375919342041016,29.251772253149674,28.035781448441213,29.090207260371027,3555907,BWA
2022-07-01,28.971162796020508,29.081707763065246,28.17184076773592,28.341908813972417,1992430,BWA
2022-07-05,28.67354393005371,28.69054999781383,27.61911798203249,28.171840978922052,2050934,BWA
2022-07-06,27.908235549926758,28.784088621738615,27.55109336770993,28.48646952239871,2282451,BWA
2022-07-07,29.472864151000977,29.634429164792092,28.486468000477345,28.52048197850877,2103077,BWA
2022-07-08,29.294294357299805,29.889532550346846,29.19225241871945,29.71946449519055,1512811,BWA
2022-07-11,28.852113723754883,29.447353705956314,28.792588804296006,29.0646987736563,1409890,BWA
2022-07-12,29.345314025878906,29.855520027227815,28.631027834963557,28.665039971572895,2366515,BWA
2022-07-13,28.580007553100586,28.886131539629005,28.307897547572846,28.69055253073337,2249053,BWA
2022-07-14,28.09531021118164,28.11231812155378,27.449050151546672,27.92524216232561,2147381,BWA
2022-07-15,28.6140193939209,28.74157043127501,27.865717395308156,28.64803337237751,2384691,BWA
2022-07-18,29.047691345214844,29.98306736341827,28.954154296137716,29.651434332619925,2975979,BWA
2022-07-19,30.3912353515625,30.646337432849254,29.659941244558368,29.659941244558368,2013901,BWA
2022-07-20,30.765384674072266,30.994977633256543,30.01708271958876,30.01708271958876,1640384,BWA
2022-07-21,30.926952362060547,30.926952362060547,30.17014546598282,30.442257301183677,1795221,BWA
2022-07-22,30.96096420288086,31.10552131085178,30.646337199535907,31.07150917425458,1550640,BWA
2022-07-25,31.173551559448242,31.386136641188262,30.850423340690057,31.148040612648344,1406027,BWA
2022-07-26,31.003480911254883,31.17354896247907,30.61232476193477,30.86742683877105,1649472,BWA
2022-07-27,31.65824317932129,31.81130514947074,30.943955213608817,31.156540259662254,1435450,BWA
2022-07-28,32.6446418762207,32.68715888882971,31.56470680798801,31.88783684080743,2389917,BWA
2022-07-29,32.704166412353516,32.916751484859425,32.43205825653701,32.63613845216056,1529965,BWA
2022-08-01,32.8657341003418,33.0017863391748,32.219473989779935,32.48308096026172,1375696,BWA
2022-08-02,32.78920364379883,33.23138358576204,32.449067494569086,32.77219757332848,2065362,BWA
2022-08-03,33.59702682495117,34.1582528807123,33.49498672889149,33.801107017070535,2197138,BWA
2022-08-04,32.61913299560547,33.52049519393105,32.4490649344086,33.44396604037461,2366288,BWA
2022-08-05,32.20246124267578,32.50858148028602,31.913343385819022,32.37252926966635,1734331,BWA
2022-08-08,32.678653717041016,32.993282555468745,32.55960755679359,32.73818048211986,1534395,BWA
2022-08-09,32.3640251159668,32.61912716214075,32.21096315127148,32.52559195618314,1338094,BWA
2022-08-10,33.290897369384766,33.528993344283926,33.06130626982134,33.06130626982134,1324008,BWA
2022-08-11,33.801109313964844,34.00519320490762,33.435462233695105,33.71607528064423,1404437,BWA
2022-08-12,34.03070068359375,34.064712819473385,33.6650536405896,34.01369461565393,1457261,BWA
2022-08-15,33.75858688354492,34.013692627551755,33.55450671028536,33.55450671028536,1396485,BWA
2022-08-16,33.801109313964844,33.996688327593354,33.40995497166333,33.58852423066331,2273022,BWA
2022-08-17,32.78070068359375,33.494988769437114,32.23648066319564,33.21437572446135,2560771,BWA
2022-08-18,33.59702682495117,33.71607298952826,32.79770475508062,32.840221768851755,1476232,BWA
2022-08-19,33.10383605957031,33.43546736644796,32.8827460650145,33.27390415231907,1752394,BWA
2022-08-22,31.199058532714844,32.4660676694915,31.139535454399635,32.31300569314167,2487954,BWA
2022-08-23,31.58171272277832,31.930353698462262,31.32661064836231,31.394638605197606,1552912,BWA
2022-08-24,31.921850204467773,31.97286840469801,31.41164240748132,31.58171044482518,1346160,BWA
2022-08-25,33.061309814453125,33.07831588199321,32.10042093650013,32.10042093650013,1702410,BWA
2022-08-26,32.287498474121094,33.36743350110721,32.27048872176303,33.290900670360976,2456373,BWA
2022-08-29,32.48307800292969,32.984777266932255,31.97287017765129,31.97287017765129,2124093,BWA
2022-08-30,32.534088134765625,32.93375089349924,32.27048125368016,32.72966707702702,2229968,BWA
2022-08-31,32.20098114013672,32.67929842732847,31.953283363691796,32.67075929447942,3505242,BWA
2022-09-01,31.919116973876953,31.94474177622687,31.406635732484503,31.82516430046255,1877013,BWA
2022-09-02,31.62017059326172,32.62805484188172,31.449343507340007,32.47430972427186,1593240,BWA
2022-09-06,31.124771118164062,31.910578669838234,30.91123541133477,31.620170404662524,1719563,BWA
2022-09-07,32.29494094848633,32.32056575256341,31.047899845783505,31.082065634319328,1846909,BWA
2022-09-08,32.209529876708984,32.23515468275446,31.432265067940744,31.773919278141815,2376626,BWA
2022-09-09,32.94408416748047,32.9953337737506,32.43160291038543,32.56826235810316,1337754,BWA
2022-09-12,33.67864227294922,33.875094162694964,33.22594975346596,33.37115203670356,1643338,BWA
2022-09-13,32.40597915649414,33.063662717446995,32.33764757972204,32.653676958216096,2230990,BWA
2022-09-14,31.67142105102539,32.38889705202552,31.372469941224075,32.38889705202552,3639290,BWA
2022-09-15,31.67142105102539,32.645137687796634,31.52621506296708,31.620171443310493,1803627,BWA
2022-09-16,31.58600616455078,31.76537238113323,31.03935727727675,31.312679870213,2971435,BWA
2022-09-19,32.23515319824219,32.26077430170575,31.17602297455335,31.17602297455335,1305378,BWA
2022-09-20,31.107688903808594,32.01307392719008,31.05643929818265,31.893492747863384,1788178,BWA
2022-09-21,30.057104110717773,31.28705966091061,30.057104110717773,31.11623255256997,2344477,BWA
2022-09-22,29.647109985351562,30.245006584675558,29.39086937879869,30.133968248222395,1883715,BWA
2022-09-23,28.160911560058594,29.032132619478208,27.674055127760315,28.989425849953772,2658126,BWA
2022-09-26,28.485485076904297,28.938179445951874,28.02425157439453,28.11820610158892,2120344,BWA
2022-09-27,28.425695419311523,28.955260479429217,28.058416455854104,28.955260479429217,1708658,BWA
2022-09-28,28.647769927978516,28.835678962023486,27.981541773481037,28.42569325957916,2032077,BWA
2022-09-29,27.050533294677734,27.998626895114967,26.59784080425036,27.78509120000528,3851494,BWA
2022-09-30,26.819915771484375,27.545934547644233,26.640547711390067,26.999285682279375,2816826,BWA
2022-10-03,27.973003387451172,28.14383047088032,26.862623643760184,27.19573867728794,2451147,BWA
2022-10-04,29.322540283203125,29.37378803869587,28.60506615420232,28.724643633451798,2534643,BWA
2022-10-05,29.185874938964844,29.296913269389925,28.51110582416693,28.681932885928266,2177939,BWA
2022-10-06,29.245664596557617,29.373784896936392,28.89546947899575,29.04067174581146,1834072,BWA
2022-10-07,28.699020385742188,29.023592585024367,28.476945547091585,28.946720027225876,1668443,BWA
2022-10-10,28.058414459228516,28.681933999137783,27.8107148399207,28.65631104929942,2336979,BWA
2022-10-11,28.126750946044922,28.61360928652935,27.802178719055306,27.964464832550114,2008107,BWA
2022-10-12,27.86196517944336,28.152373443536597,27.699679079250444,28.118205805842454,1961531,BWA
2022-10-13,28.587984085083008,28.767352165636975,26.94803915262846,27.36656775842255,2225310,BWA
2022-10-14,28.365907669067383,29.16025436155176,28.16091294443183,28.75026861368225,1843387,BWA
2022-10-17,28.869850158691406,29.373790472645585,28.741729833992935,29.04921824312908,2003336,BWA
2022-10-18,29.134628295898438,29.7496087417565,28.912553463216916,29.62148843243631,2329482,BWA
2022-10-19,29.1004638671875,29.322538696103326,28.775891682133125,28.88693002194138,1432723,BWA
2022-10-20,28.84422492980957,29.57024004585473,28.57090048158386,29.271292645130252,3215789,BWA
2022-10-21,29.501911163330078,29.59586569324041,28.844225752556074,29.00651000844626,2670509,BWA
2022-10-24,30.441463470458984,30.68062214957883,29.425040009550106,29.71544644828108,2528168,BWA
2022-10-25,31.056440353393555,31.116229094387588,30.36458916094379,30.36458916094379,2054683,BWA
2022-10-26,31.210186004638672,31.825166497893314,31.030817927906643,31.35538829277868,2086037,BWA
2022-10-27,31.50058937072754,32.388892332811835,30.75748867414322,31.816618701851286,3962709,BWA
2022-10-28,32.32056427001953,32.33764623815347,31.38101160583467,31.49204995080755,2285405,BWA
2022-10-31,32.055782318115234,32.26931618334571,31.70558529857657,32.013075545069135,2593602,BWA
2022-11-01,31.86787223815918,32.53409861665897,31.842247434870416,32.34618956154406,2045595,BWA
2022-11-02,31.039356231689453,32.03015476178419,31.022272413518444,31.620169035489766,3325072,BWA
2022-11-03,30.99664878845215,31.825163057465115,30.432917964377538,30.561038269721646,2806715,BWA
2022-11-04,32.40597915649414,32.952628069269245,31.586007638032335,31.671421183647034,3083331,BWA
2022-11-07,32.67929458618164,32.80741487646994,31.961818739726624,32.75616898119515,1760005,BWA
2022-11-08,33.18324661254883,33.39678049402698,32.619515684885705,32.80742476030608,3022555,BWA
2022-11-09,32.918460845947266,33.36261424987479,32.75617658779034,32.76471572161864,2053661,BWA
2022-11-10,34.994014739990234,35.053807184254495,34.16550407100554,34.16550407100554,2369242,BWA
2022-11-11,36.232513427734375,36.420422484096264,35.028180977785,35.156301293677416,2769795,BWA
2022-11-14,35.856693267822266,36.73645725255253,35.70295184277996,36.14710155141709,3127181,BWA
2022-11-15,36.548545837402344,37.06102709166162,36.18126316350133,36.189805998299605,2774680,BWA
2022-11-16,35.40400314331055,36.46313343010397,35.34421439599688,36.206892768986506,2626659,BWA
2022-11-17,35.29296112060547,35.30150395565032,34.37903693107813,34.81464749033218,2111142,BWA
2022-11-18,36.06168746948242,36.130019047045806,35.23317310630425,35.94210998479781,3162056,BWA
2022-11-21,35.788368225097656,36.027526918351946,35.4040035278447,35.7456614477809,2262685,BWA
2022-11-22,36.28376007080078,36.30938487216642,35.90793828737451,36.08730819553266,1642315,BWA
2022-11-23,35.882320404052734,36.14710390021188,35.59191580298957,36.09585428759978,1445106,BWA
2022-11-25,36.07876968383789,36.11293732355277,35.72857265982051,35.94211022918366,875515,BWA
2022-11-28,35.47233200073242,35.993356118861364,35.36983648444197,35.976274149713255,1890418,BWA
2022-11-29,35.81398010253906,36.11293116813079,35.60044627097435,35.74565223755926,1571202,BWA
2022-11-30,36.45719909667969,36.45719909667969,35.39375361999714,35.93405397017086,3522168,BWA
2022-12-01,36.58584213256836,36.980341676416614,36.17418736451259,36.517232385147445,1979707,BWA
2022-12-02,36.602989196777344,36.740208674961,35.9168955223283,36.1227247396038,1789086,BWA
2022-12-05,35.942623138427734,36.217062083337126,35.711068530570905,36.12272323146588,1447264,BWA
2022-12-06,35.162200927734375,37.0146492861503,34.85345891525342,36.34571073675477,4797555,BWA
2022-12-07,35.316566467285156,35.87401455274847,34.93921476416691,35.085011852001934,2833184,BWA
2022-12-08,34.939212799072266,35.53954518919889,34.870606780972324,35.53954518919889,1787042,BWA
2022-12-09,34.707664489746094,35.05928712037245,34.53614198045903,34.66478386242433,1400802,BWA
2022-12-12,35.45378494262695,35.608155920611445,34.3903433182098,34.62189792695197,1740806,BWA
2022-12-13,35.265113830566406,36.92888817293966,34.939220308670286,36.457201256541794,2388894,BWA
2022-12-14,35.299415588378906,35.67676358172605,34.93921538435656,34.93921538435656,2516240,BWA
2022-12-15,34.98210144042969,35.145050061955644,34.68193703476963,34.879188673211644,1600851,BWA
2022-12-16,34.76769256591797,35.03355391086411,34.28742810939245,34.57044095997109,4038934,BWA
2022-12-19,34.8363037109375,35.36802642229052,34.570442355260994,34.93921646535539,1513720,BWA
2022-12-20,34.69908142089844,35.36802356168342,34.66477841102341,34.84487850404007,1655266,BWA
2022-12-21,35.162200927734375,35.40233319116736,34.922068664301385,35.162200927734375,1398302,BWA
2022-12-22,33.93580627441406,34.74196422175989,33.412664900409304,34.64762908044887,1917682,BWA
2022-12-23,34.304588317871094,34.34746894641993,33.73856253443859,33.970117185308325,1208704,BWA
2022-12-27,34.4332275390625,34.70766279724517,34.133059445977985,34.26170503813964,1294586,BWA
2022-12-28,33.85862350463867,34.673359084053054,33.76428464444675,34.55329110594793,1295722,BWA
2022-12-29,34.69908142089844,34.78484266205511,34.11590423773923,34.27027521511506,992750,BWA
2022-12-30,34.51898193359375,34.72480740723369,34.29600124009317,34.42464309023533,944016,BWA
2023-01-03,34.53614044189453,35.11074007911418,34.39892095399005,34.9906758145499,2003109,BWA
2023-01-04,35.68534469604492,35.99408669652453,34.81057693350923,34.98209944122687,1894280,BWA
2023-01-05,36.019813537597656,36.50007801541651,35.19650406604231,35.34229744508643,1856792,BWA
2023-01-06,37.006072998046875,37.20332463994195,36.13988278281936,36.268524673211374,1609485,BWA
2023-01-09,36.22563934326172,36.99749430194529,36.14845570562809,36.877426323274754,2694251,BWA
2023-01-10,36.937461853027344,36.98034248154028,36.25994940911082,36.397165190470346,1723085,BWA
2023-01-11,37.35768508911133,37.43487243140437,36.85169156675319,36.96318191686389,2273022,BWA
2023-01-12,38.25818634033203,38.472589455900355,37.57209265404408,37.709312134595535,2073427,BWA
2023-01-13,38.14669418334961,38.163845688494774,37.57209088746792,37.73503947751988,1440448,BWA
2023-01-17,37.94944763183594,38.50689578026671,37.94944763183594,38.155273153899444,2089899,BWA
2023-01-18,37.60640335083008,38.438286783725744,37.39200021263688,38.35252552844847,1909502,BWA
2023-01-19,37.47775650024414,37.56351774415378,36.81739194896451,37.13470780813634,1980389,BWA
2023-01-20,38.07808303833008,38.14669277284299,37.469176754672894,37.657850737231634,1631750,BWA
2023-01-23,38.30963897705078,38.43828084007501,38.02662613510365,38.16384560891715,1235400,BWA
2023-01-24,38.18100357055664,38.46401646036217,37.51206502641716,37.80365552846246,1904845,BWA
2023-01-25,38.46401596069336,38.53262570831096,38.00090666809656,38.1038194312881,1265163,BWA
2023-01-26,38.86709213256836,38.9785824944014,38.40397917952402,38.82421151005329,1280613,BWA
2023-01-27,39.42454147338867,39.89622833598739,39.321628719388286,39.647522204114004,2312782,BWA
2023-01-30,39.58748245239258,39.904798264664684,38.80705004510693,38.80705004510693,2030600,BWA
2023-01-31,40.548011779785156,40.64235063068988,39.78473822780715,39.861921857478976,2343454,BWA
2023-02-01,41.40563201904297,41.6114612460965,40.47940978847568,40.54801581435741,2263821,BWA
2023-02-02,41.34560012817383,42.031690122729486,41.174077629534914,41.40563225940355,2020717,BWA
2023-02-03,40.83102798461914,41.43136043263397,40.616624866210046,40.745266737255506,2456146,BWA
2023-02-06,40.28215789794922,40.60805138454087,39.82762253900319,40.60805138454087,2427064,BWA
2023-02-07,40.57374572753906,40.84818470232275,39.98199086918994,40.084907342968584,3014376,BWA
2023-02-08,39.990570068359375,40.46225696484811,39.724708694659675,40.01629918782542,2260186,BWA
2023-02-09,41.12261199951172,43.5582369886102,40.77956706391335,41.31986358077454,7242341,BWA
2023-02-10,41.43993377685547,41.59430476335269,40.65950494962857,40.70238557274062,4555474,BWA
2023-02-13,42.76066970825195,42.83785335552771,41.34560520428032,41.422788851556085,3126613,BWA
2023-02-14,42.6148681640625,42.932187765696895,42.00596179583759,42.546262136490284,2310738,BWA
2023-02-15,42.3490104675293,42.692055470875495,42.117452117094984,42.443345613567786,1739443,BWA
2023-02-16,43.15517044067383,43.26665709871479,41.54285439100694,41.78298664769073,3047661,BWA
2023-02-17,43.24950408935547,43.25808170112373,42.45192370428147,42.949339708040384,3262251,BWA
2023-02-21,42.30612564086914,43.498209138998156,42.1860576717397,43.08655443256849,3078674,BWA
2023-02-22,42.65774917602539,42.897881424112434,42.08314953285003,42.47765277731229,2537029,BWA
2023-02-23,42.68347930908203,43.11228929430018,42.4176179358701,43.02652432408083,2537029,BWA
2023-02-24,42.692054748535156,42.8549996357798,41.92877739912262,41.97165802381537,2538392,BWA
2023-02-27,43.0179443359375,43.39529602887349,42.78638972690242,43.06939885101801,1908594,BWA
2023-02-28,43.26750183105469,43.499843907447804,43.000736358350125,43.15563231898155,2323802,BWA
2023-03-01,43.585899353027344,43.86126787051962,42.93189586101375,43.276107440156075,1729787,BWA
2023-03-02,43.628929138183594,43.628929138183594,42.78560622983826,43.25890091647557,2237466,BWA
2023-03-03,43.72358703613281,44.00756236909718,43.4998479909831,43.93011624606525,1890077,BWA
2023-03-06,43.2588996887207,43.91290321220619,43.11260677725897,43.87847981517067,2393779,BWA
2023-03-07,43.00934600830078,43.51706037261637,42.7597903525533,43.12121552783529,1897120,BWA
2023-03-08,43.086788177490234,43.49984281913724,42.8114196594282,43.12981462497205,1445106,BWA
2023-03-09,42.14881134033203,43.310529205344565,42.13160150636248,43.121213573463244,2141928,BWA
2023-03-10,41.25386428833008,42.570478287538315,40.93546926684276,42.07137066323216,2015718,BWA
2023-03-13,39.894222259521484,40.41053965138172,39.54140388344042,40.29867013732371,3284176,BWA
2023-03-14,40.96988296508789,41.37433456679103,40.31587945217513,40.59985475986378,3358811,BWA
2023-03-15,39.506980895996094,39.84258944164859,38.77553124994617,39.704903310748875,2729467,BWA
2023-03-16,40.39332962036133,40.462172684761704,38.98205985203194,39.14555886701326,2766160,BWA
2023-03-17,39.360687255859375,40.057717154814846,39.016475696692765,40.023297490541275,3866944,BWA
2023-03-20,39.61024475097656,40.186798394083816,39.326269455384065,39.47255862914144,2564747,BWA
2023-03-21,40.625675201416016,41.03872989431285,40.16098727349142,40.47077922544115,2112506,BWA
2023-03-22,40.12656784057617,41.055939972822266,40.100751222909366,40.76336158355425,1820099,BWA
2023-03-23,40.11795425415039,40.944067233834005,39.722113190459815,40.42774615539327,1985842,BWA
2023-03-24,40.77195739746094,40.866617069062514,39.45534742130799,39.66187286775609,2637792,BWA
2023-03-27,40.81499099731445,41.34851821967028,40.419146174442794,41.20222903873357,2233944,BWA
2023-03-28,41.02151870727539,41.24525774621187,40.62567386272879,40.87522951832844,2242350,BWA
2023-03-29,41.42597198486328,41.589471015066174,41.03873017769789,41.36573196721212,1925293,BWA
2023-03-30,41.4862060546875,41.94228717916243,41.4001531530548,41.78739121040193,1811920,BWA
2023-03-31,42.260677337646484,42.32952039690334,41.71854337352196,41.74435998688176,1583130,BWA
2023-04-03,41.907859802246094,42.682339572518245,41.71854418244973,42.10578220303187,1968802,BWA
2023-04-04,40.81499099731445,42.097181416367036,40.61706858587862,41.8992590049312,2773544,BWA
2023-04-05,39.92863845825195,40.57403887111162,39.67908656551101,40.57403887111162,2315168,BWA
2023-04-06,39.63606643676758,39.928644821720496,39.39511755727838,39.88561836927987,2318803,BWA
2023-04-10,40.376121520996094,40.38472457372315,39.42953587076712,39.56722200548252,1575973,BWA
2023-04-11,41.04732894897461,41.38293372614905,40.376115665518014,40.694510610625926,2422520,BWA
2023-04-12,41.365726470947266,41.85623095459948,41.2710705241309,41.468992927994854,2092171,BWA
2023-04-13,41.408756256103516,41.74436481034404,41.21083383628601,41.52923255600072,2029237,BWA
2023-04-14,41.93368148803711,42.44139585834043,41.61528648953644,41.632496324488955,2259958,BWA
2023-04-17,41.63249206542969,41.9336771981662,41.10756791387429,41.787388022372916,1352976,BWA
2023-04-18,41.71854782104492,42.11439265714115,41.615285085704926,41.92507702083312,1790677,BWA
2023-04-19,42.00252151489258,42.02833813000573,41.434570898835524,41.520623796473984,1598238,BWA
2023-04-20,42.05415344238281,42.16602295166897,40.80638273617002,40.995698359288475,2634384,BWA
2023-04-21,42.14881134033203,42.15741812187087,41.598074278657634,41.88204959103367,1937675,BWA
2023-04-24,42.3036994934082,42.561858142609985,42.14880355806565,42.16601711796505,1628456,BWA
2023-04-25,41.60667037963867,42.20904430079612,41.52061749506011,42.09717480502249,2698795,BWA
2023-04-26,41.468990325927734,41.87343816029297,41.40014726858504,41.43456693270253,2236102,BWA
2023-04-27,40.995704650878906,41.503419046601564,40.160988458253414,41.46039259251194,2438083,BWA
2023-04-28,41.41736602783203,41.55505217219459,40.72033598179791,40.82359872551557,1855429,BWA
2023-05-01,41.141998291015625,42.088580297390536,41.12478472579467,41.57226283936786,1869970,BWA
2023-05-02,40.703121185302734,40.91825342895699,39.92003832675802,40.91825342895699,2573494,BWA
2023-05-03,39.98027420043945,40.98709607373503,39.97166741913805,40.496591579931334,2884986,BWA
2023-05-04,36.830726623535156,38.49155188470632,36.16811638356178,38.31944610374862,8416738,BWA
2023-05-05,38.38829040527344,38.827161652572855,37.37286178980596,37.553574357307575,4253866,BWA
2023-05-08,38.74971008300781,38.792736527721885,38.216182914374855,38.60342091680151,2386850,BWA
2023-05-09,38.30223846435547,38.80994905560507,38.001049601328056,38.47434425516658,2386054,BWA
2023-05-10,38.1301383972168,39.18858991540971,37.86337288977251,38.87019490043682,2230763,BWA
2023-05-11,38.41411209106445,38.43132192616836,37.83755464677089,38.06129369044675,1353317,BWA
2023-05-12,37.9580192565918,38.74110574513642,37.656834153594104,38.637839297965435,1867243,BWA
2023-05-15,38.32804870605469,38.64644738038041,38.224785984512046,38.56899754239265,2522488,BWA
2023-05-16,37.52775955200195,38.14734339666127,37.52775955200195,37.90639453808354,1899051,BWA
2023-05-17,38.216190338134766,38.46574227431049,37.76010918974713,37.84616209589165,2162717,BWA
2023-05-18,38.706687927246094,38.74111132429631,37.94081488900728,38.1903705334659,1836230,BWA
2023-05-19,39.7135124206543,39.765145655045856,38.8271667576549,39.02508918401141,4243074,BWA
2023-05-22,40.995704650878906,41.055940940782676,39.713514081543046,39.713514081543046,3923744,BWA
2023-05-23,40.212615966796875,41.16780460316992,40.06632678955174,40.70312045683643,2615072,BWA
2023-05-24,39.756534576416016,40.169589219584196,39.50697894263768,39.894220700508065,3355858,BWA
2023-05-25,40.32448196411133,40.43635146488457,39.6188452957452,39.6188452957452,2982341,BWA
2023-05-26,40.591251373291016,40.85801684509727,40.350302516354404,40.53961814355173,2366515,BWA
2023-05-30,40.19540786743164,40.79777816486867,40.01469528655727,40.58264591578401,2079221,BWA
2023-05-31,38.28668975830078,39.75493650239685,38.13122798608073,39.64265834786405,4952619,BWA
2023-06-01,39.09853744506836,39.461279024128295,38.33850141023823,38.67533581722403,3364832,BWA
2023-06-02,41.179996490478516,41.3959145624596,39.51310448350898,39.51310448350898,3551250,BWA
2023-06-05,40.54950714111328,41.20589951085495,40.29040548085671,41.17999233901269,3197158,BWA
2023-06-06,40.5667839050293,40.618601991859116,38.709881172822776,40.247222193963665,5923672,BWA
2023-06-07,40.359500885009766,41.00725879249676,40.152221049379044,40.60132985506517,4326342,BWA
2023-06-08,39.45264434814453,40.87770348510277,39.28854438370572,40.59269090916527,4182525,BWA
2023-06-09,39.59946823120117,39.7290190630013,39.13308299108313,39.6685627567071,4629768,BWA
2023-06-12,39.53901672363281,40.022674718145055,39.21082049469448,39.608107514794774,2395597,BWA
2023-06-13,40.316322326660156,40.44587317584762,39.82402984829375,39.82402984829375,1969483,BWA
2023-06-14,41.28363800048828,41.73274685889479,40.37677832064295,40.584061923335796,3625203,BWA
2023-06-15,41.69820022583008,41.79320567541975,40.972713252027205,41.110902316388604,2577470,BWA
2023-06-16,41.974571228027344,42.09548758527826,41.32681705867032,41.98320944737718,5379187,BWA
2023-06-20,40.06585693359375,41.62047079226591,39.76356789054197,41.49091620654109,4133222,BWA
2023-06-21,39.99676513671875,40.609973999246705,39.66856889681266,40.03131053345418,2430131,BWA
2023-06-22,39.65129089355469,40.17813250075797,39.530378267014456,39.78084548303312,3339158,BWA
2023-06-23,39.063987731933594,39.30581669529801,38.51123902372569,39.05535325561332,2971322,BWA
2023-06-26,39.07262420654297,39.49582580921871,39.00352968541948,39.228085943388564,2158627,BWA
2023-06-27,40.03131103515625,40.048583733740436,38.96899328810456,39.26264039222555,2278021,BWA
2023-06-28,41.20590591430664,41.257727751502834,39.87584827265935,40.06585918055884,3633837,BWA
2023-06-29,41.62046813964844,41.74138075497927,41.128171973458684,41.24045011211125,3162170,BWA
2023-06-30,42.24231719970703,42.53596804441732,41.63774655455807,42.00048819310147,2843408,BWA
2023-07-03,43.1146240234375,43.218267690639316,42.14730808108433,42.14730808108433,2123866,BWA
2023-07-05,42.36537551879883,43.9940581589037,42.30650611877215,43.53292388218636,4326600,BWA
2023-07-06,44.04310989379883,44.16084493982242,42.492919935844384,43.18952426035094,5903100,BWA
2023-07-07,44.10198211669922,44.671037994584886,43.95481049268351,44.12160524941664,3398300,BWA
2023-07-10,43.96461868286133,44.52386479900251,43.856693337162255,43.984241813236565,2495500,BWA
2023-07-11,44.71028137207031,44.96537833818954,43.90575169627208,43.90575169627208,2294400,BWA
2023-07-12,45.52462387084961,45.661982046416455,45.151791863789896,45.38726195255318,2045600,BWA
2023-07-13,46.06424331665039,46.16235522225964,45.33820248986234,45.72084416155943,2735800,BWA
2023-07-14,44.75933837890625,45.975946358222,44.71028242049596,45.877830698671694,2615400,BWA
2023-07-17,44.543487548828125,44.769147932121285,44.29820403532737,44.49442785194446,1934600,BWA
2023-07-18,44.78877639770508,45.26953004550694,44.42575405971447,44.62198164243618,1740700,BWA
2023-07-19,45.0634880065918,45.14197678574966,44.729902274029605,45.03405518224877,1475500,BWA
2023-07-20,45.26953125,45.32840064920181,44.729908190204846,44.985001434619484,1550200,BWA
2023-07-21,45.26953125,45.91707967030017,45.024247700754024,45.907269975131506,1869500,BWA
2023-07-24,45.27934646606445,45.52463002494296,45.09292856596953,45.24010019838867,1727600,BWA
2023-07-25,45.13216781616211,45.41669759847561,44.95556338181094,45.08311186056001,1317600,BWA
2023-07-26,45.52462387084961,45.642358915231256,44.90650833806922,44.90650833806922,1083100,BWA
2023-07-27,44.9065055847168,45.88763962744324,44.788770547553845,45.85820680383484,1699000,BWA
2023-07-28,45.33820343017578,45.76009136995823,45.161599002232926,45.67178915598681,1756900,BWA
2023-07-31,45.62273406982422,45.86801758632865,45.14197673067458,45.29895803152824,1526000,BWA
2023-08-01,45.593299865722656,45.7404677255339,45.19103506053835,45.416695439765704,2369900,BWA
2023-08-02,42.16913986206055,45.84839244854159,42.031781697668606,45.720843977579385,5928200,BWA
2023-08-03,40.618953704833984,41.786501949896085,40.53065148510797,41.51178559640609,2897800,BWA
2023-08-04,41.71782302856445,41.835558074427354,40.73668891333781,40.815177696336534,3329800,BWA
2023-08-07,41.590274810791016,41.86499116713252,41.001595834993594,41.7570695576624,2048400,BWA
2023-08-08,41.11933135986328,41.276312671417074,40.265745712210126,40.80536873675569,1731800,BWA
2023-08-09,41.53140640258789,41.972913733770184,40.47177982519982,40.94272372312916,2438400,BWA
2023-08-10,40.68762969970703,41.73744281955987,40.501211837386876,41.521592133812035,1856300,BWA
2023-08-11,39.991024017333984,40.67781863155444,39.66725171259249,40.49140450111113,1844600,BWA
2023-08-14,40.51102828979492,40.56008424673645,39.441591960459235,39.70649861921904,1808600,BWA
2023-08-15,39.991024017333984,40.206874715648006,39.71630766873762,40.000837454200735,1932400,BWA
2023-08-16,39.09819412231445,39.902723820585244,38.73517553717513,39.56914180480784,3425200,BWA
2023-08-17,38.686119079589844,39.29442119276442,38.529137768359966,39.17668614502443,1760500,BWA
2023-08-18,38.89215850830078,38.99027417247338,38.136684736456345,38.28385636135029,1573700,BWA
2023-08-21,39.11781692504883,39.42196985436365,38.74498864841354,39.245365410597586,1303800,BWA
2023-08-22,38.69593048095703,39.26499009847236,38.588008865693986,39.215934138311,1780500,BWA
2023-08-23,39.088382720947266,39.1963080708592,38.440834364205216,38.519323146040534,1242600,BWA
2023-08-24,38.94121551513672,39.14725654406929,38.55857377140908,38.77442449565749,1404900,BWA
2023-08-25,39.14725875854492,39.60838931907442,38.53895281811249,39.137445319943964,1102000,BWA
2023-08-28,39.618194580078125,39.85366465967484,39.38272075775198,39.5691386253896,1174000,BWA
2023-08-29,39.97140121459961,40.000834037226554,39.3630954336285,39.510267032221655,1484900,BWA
2023-08-30,39.92234420776367,40.20687398807804,39.804609166599946,39.902721077114805,1052600,BWA
2023-08-31,40.08959197998047,40.87662616398177,39.863319886634784,39.94202142859741,2868700,BWA
2023-09-01,40.6208381652832,40.797921311423245,40.109265048975814,40.14861769320132,1348700,BWA
2023-09-05,39.89283752441406,40.36505809434015,39.83381229872048,40.30603286864657,1535700,BWA
2023-09-06,39.84364318847656,40.77824791507755,39.68623635315561,39.87315579732581,1495100,BWA
2023-09-07,39.10579299926758,39.69606761886144,38.85984461562439,39.332065061874374,1646400,BWA
2023-09-08,39.38125991821289,39.646884662891296,39.056609954411556,39.21401679353116,1274600,BWA
2023-09-11,39.51898956298828,39.98137378460166,39.410775412687805,39.95186117569016,1370800,BWA
2023-09-12,40.67002868652344,40.98484234690425,39.43045036788333,39.43045036788333,2355400,BWA
2023-09-13,39.755104064941406,41.08322408545245,39.568184609224176,40.98484621462764,2821500,BWA
2023-09-14,39.68623352050781,40.3257008543487,39.11563143764982,39.97153456193681,3077700,BWA
2023-09-15,40.384735107421875,40.63068355966303,39.65672979039838,39.68624240374714,3814900,BWA
2023-09-18,40.23716354370117,40.384730345921895,39.627208751988505,40.01088769178754,2306200,BWA
2023-09-19,40.56181335449219,40.76840912852969,39.942022279504585,40.325704970699356,2579900,BWA
2023-09-20,40.51262664794922,41.58496197822484,40.424085060940214,40.935658257783885,1862400,BWA
2023-09-21,39.45012664794922,40.02072880659809,39.36158506308561,40.02072880659809,1828600,BWA
2023-09-22,40.099430084228516,40.630679589853955,39.45012638386694,39.45012638386694,2093200,BWA
2023-09-25,40.611000061035156,40.82743586170391,39.794453295296016,39.794453295296016,1307700,BWA
2023-09-26,39.214012145996094,40.51261935304429,39.17465950266139,40.266670961514336,1503600,BWA
2023-09-27,39.15498733520508,39.63704788501361,38.87952630838593,39.568182628308826,1624600,BWA
2023-09-28,40.03055953979492,40.22731900696278,38.87952284910619,39.01725335026128,1337900,BWA
2023-09-29,39.71574783325195,40.3945678404919,39.5780173253699,40.3158625486308,1447400,BWA
2023-10-02,39.214012145996094,40.02072256998438,38.87952218340037,39.63704367965759,1287600,BWA
2023-10-03,38.240055084228516,38.98774030039004,38.082648262858925,38.85984608525392,1961400,BWA
2023-10-04,38.584388732910156,38.633577665573284,37.85637976972081,38.10232818591147,1561400,BWA
2023-10-05,38.03346252441406,38.68276618612496,37.610430952842954,38.338439908276364,1943800,BWA
2023-10-06,39.23368835449219,40.09942398811065,37.600591189559005,37.88588847072609,3196800,BWA
2023-10-09,38.83033752441406,39.036933295321056,38.131841163496304,38.722119619784195,1615400,BWA
2023-10-10,39.115631103515625,39.578015287200785,38.95822428077435,39.115631103515625,1538200,BWA
2023-10-11,39.322235107421875,39.656725113133845,38.84017454662003,39.21401720073931,1153800,BWA
2023-10-12,38.6139030456543,39.174665159080924,38.24990042443662,38.958229342363566,1811200,BWA
2023-10-13,38.07281494140625,38.85984910950478,37.95476075441021,38.63357702073113,1395000,BWA
2023-10-16,38.820499420166016,38.879528394598246,38.44666050738759,38.44666050738759,1393800,BWA
2023-10-17,38.83033752441406,39.32223436154979,38.37778958206417,38.37778958206417,1439700,BWA
2023-10-18,37.876060485839844,38.810665326325264,37.77768260910472,38.436822639556006,1084000,BWA
2023-10-19,37.49237823486328,38.072816663758076,37.285782460055415,37.89573349881559,1484700,BWA
2023-10-20,37.98427200317383,38.230220406454805,37.531727841826786,37.708810992419075,2585300,BWA
2023-10-23,37.61043167114258,38.15151744075638,37.49237748117912,37.75800222325317,1574200,BWA
2023-10-24,37.777679443359375,38.22038360444454,37.37432417794558,37.65962149771988,2030600,BWA
2023-10-25,37.512054443359375,37.87605705778501,37.23658965825678,37.561243377274984,1342400,BWA
2023-10-26,37.63994216918945,38.46632895833167,37.453022732825374,37.96459586447292,2092800,BWA
2023-10-27,36.085548400878906,37.78751082441952,36.02651943572084,37.620267719116946,3326100,BWA
2023-10-30,36.11505889892578,36.96112191909883,35.80024527554154,36.76436246626508,3014800,BWA
2023-10-31,36.30198287963867,36.803715930353,36.06587078038372,36.11505970647344,2567100,BWA
2023-11-01,36.508583068847656,36.51841935411417,35.8789557312918,36.43971781335717,2234500,BWA
2023-11-02,31.737180709838867,34.34423531876702,31.117391551358025,32.484865966887064,7928500,BWA
2023-11-03,32.81935501098633,32.81935501098633,31.540424084892084,32.05199720590473,5499400,BWA
2023-11-06,32.297943115234375,33.01611193565136,32.248750436855225,32.91773033176752,3270400,BWA
2023-11-07,32.10118865966797,32.25859549752165,31.51091020306039,32.012647078820585,2894400,BWA
2023-11-08,31.83556365966797,32.27827156032467,31.638804175723326,32.14053729455091,2284000,BWA
2023-11-09,31.501073837280273,32.179890120129876,31.4617211896984,31.835563835976096,2609700,BWA
2023-11-10,31.845399856567383,32.022483016337915,31.156745417550038,31.451882766209255,2371000,BWA
2023-11-13,31.99296760559082,32.03232024939913,31.579772351352965,31.756855495615664,2419200,BWA
2023-11-14,32.97676467895508,33.468661520073965,32.74065254395298,32.87838305900626,2958900,BWA
2023-11-15,33.57687759399414,33.655579132785036,32.96692284220911,32.98659916512555,2928400,BWA
2023-11-16,33.27190017700195,34.28520641226026,32.89805754780112,33.73428438277995,3407200,BWA
2023-11-17,33.86217498779297,34.039258141656056,33.41947085601013,33.62606661789211,2013500,BWA
2023-11-20,33.96055603027344,34.226180756591205,33.64574237379493,33.763796556755665,2289500,BWA
2023-11-21,33.46866226196289,34.03926065881403,33.43914965176158,33.655581714696424,2065300,BWA
2023-11-22,34.04909896850586,34.137640547488935,33.547362103310114,33.74412158470305,2415800,BWA
2023-11-24,33.78347396850586,34.304883400193546,33.75396136003295,34.20650553670056,899000,BWA
2023-11-27,33.65557861328125,33.980232307078886,33.4784954626416,33.58671336057414,2197800,BWA
2023-11-28,33.13417053222656,33.69493261418891,33.10465792355748,33.6063910353067,2219500,BWA
2023-11-29,33.606388092041016,33.999907019914005,33.38995230642341,33.82282387765862,2589200,BWA
2023-11-30,33.25108337402344,33.80378901700037,32.88590480964539,33.75444117289509,5088600,BWA
2023-12-01,33.507694244384766,33.66560958593862,32.91550888980877,33.32016718785294,2908600,BWA
2023-12-04,33.87287521362305,34.2380537614188,33.191865959896,33.33004142311607,3556100,BWA
2023-12-05,32.550331115722656,33.49782318679915,32.293720091680655,33.42873545859559,2613700,BWA
2023-12-06,32.3035888671875,33.172125167360576,32.20489318614463,32.885902421337796,2717400,BWA
2023-12-07,32.609554290771484,32.88590523332065,32.20489593989626,32.323331520274586,3855200,BWA
2023-12-08,32.471378326416016,33.05369192151585,32.45163843581951,32.57007401439938,3019000,BWA
2023-12-11,32.836551666259766,33.1326424481064,32.303585999936686,32.372673723534284,2327800,BWA
2023-12-12,32.5108528137207,32.797075566411074,32.3825491783759,32.629292151729885,1977100,BWA
2023-12-13,33.03395080566406,33.053690695528395,31.928539563255324,32.37267767270535,3235100,BWA
2023-12-14,35.36320495605469,35.41255279801561,33.547176510900066,33.59652435286099,4519700,BWA
2023-12-15,34.40583801269531,35.442157663620144,34.30713857236996,35.28424232409825,4057600,BWA
2023-12-18,34.277530670166016,34.73153680129436,34.09987544233341,34.69206079010831,1931800,BWA
2023-12-19,34.89932632446289,34.96841405495258,34.36636060497191,34.514407893163494,2203100,BWA
2023-12-20,34.45518493652344,35.57046411012864,34.43544504898192,34.790755494732146,2765300,BWA
2023-12-21,35.44215774536133,35.70864058735636,34.64270921937621,34.8006245592623,2128700,BWA
2023-12-22,35.36320495605469,35.767863284132666,35.244765617349664,35.382941080839856,1554200,BWA
2023-12-26,35.53099060058594,35.67903790075474,35.313855564338155,35.590210273653305,1196100,BWA
2023-12-27,35.37307357788086,35.688904289424514,35.30398584504313,35.53098893365269,1920500,BWA
2023-12-28,35.5211181640625,35.66916168100431,35.225023600181316,35.4125506593059,1349600,BWA
2023-12-29,35.382938385009766,35.71850895577549,35.33359054680866,35.49150588805143,1483500,BWA
2024-01-02,35.47176742553711,35.945513468307354,35.17567661943057,35.17567661943057,1957800,BWA
2024-01-03,33.58665084838867,34.83023748770241,33.44847539179799,34.55388280952224,2355600,BWA
2024-01-04,33.863006591796875,34.14922557588166,32.86616288360845,32.964862330705735,2899000,BWA
2024-01-05,34.53414535522461,35.03749932269775,33.97156795863885,34.10974717490471,2286800,BWA
2024-01-08,34.632843017578125,34.78089030385829,34.14922514539528,34.34662027210254,2084000,BWA
2024-01-09,33.52743148803711,34.34661608116778,33.369516158939724,34.16896086530842,3092000,BWA
2024-01-10,33.44847106933594,33.53729867495081,33.10303247249941,33.52743061432619,5124500,BWA
2024-01-11,33.62613296508789,33.64587285525953,33.122778943207685,33.40899793819886,2080700,BWA
2024-01-12,32.36280822753906,33.7346985120034,32.0864535462449,33.7346985120034,3065700,BWA
2024-01-16,32.67863464355469,32.71811441642782,31.98775367826844,32.14566900476258,2936700,BWA
2024-01-17,32.28384780883789,32.510850879014825,32.037104850167474,32.19502019311659,2811300,BWA
2024-01-18,32.32332992553711,32.57007290206793,31.810104082553128,32.57007290206793,1785200,BWA
2024-01-19,32.44176483154297,32.45163665880023,31.928538999135057,32.16541390832292,2220300,BWA
2024-01-22,32.78720474243164,32.91550836696951,32.41215440032412,32.64902929139168,2464500,BWA
2024-01-23,33.01420974731445,33.47808396521171,32.7279870019105,33.3201686168852,2192800,BWA
2024-01-24,32.836551666259766,33.290557782757844,32.70824428029342,33.2412099466165,2051800,BWA
2024-01-25,33.34978103637695,33.359649098668434,32.78720736078838,33.00433861619166,1731500,BWA
2024-01-26,33.69521713256836,34.2380508773493,33.448474179031685,33.55704168098761,2101000,BWA
2024-01-29,33.823524475097656,33.94196003842927,33.18199129080395,33.42873424399404,1956500,BWA
2024-01-30,33.97157287597656,34.45519079041341,33.665613979597424,33.89261707739457,2263000,BWA
2024-01-31,33.45834732055664,34.29727188955338,33.399127653980855,33.86300562966077,2352600,BWA
2024-02-01,34.03078842163086,34.04066024838093,33.32016749557632,33.7544375126091,2599400,BWA
2024-02-02,33.645870208740234,33.89261316897887,33.17212417688191,33.63600214693015,2362400,BWA
2024-02-05,33.04381561279297,33.320166513671,32.88590027443429,33.290558564290826,2290200,BWA
2024-02-06,33.62613296508789,33.83339616439156,32.57007331339882,32.64903287408541,2657700,BWA
2024-02-07,33.38926315307617,34.35649522031141,33.2609557443105,34.00118471295985,3123200,BWA
2024-02-08,31.069873809814453,32.07658556234007,30.43821241960204,31.58309963061176,7453200,BWA
2024-02-09,31.385704040527344,31.583099163297717,30.882350054211763,31.188310800256378,3319800,BWA
2024-02-12,31.8989315032959,32.02723890448152,31.25740014486627,31.49427317494031,3179600,BWA
2024-02-13,30.645475387573242,31.31661655111098,30.37899441705043,31.06987358701619,4059300,BWA
2024-02-14,30.73430061340332,31.06000122536138,30.448079776227704,30.981043558295767,3507100,BWA
2024-02-15,31.079744338989258,31.51401249417902,30.803391534323143,30.97117682956695,2829600,BWA
2024-02-16,30.211210250854492,30.704696197415334,30.132252574704737,30.566518852278644,4036500,BWA
2024-02-20,29.767070770263672,29.855898387139412,29.125539445882872,29.74733088151364,3805500,BWA
2024-02-21,29.87563705444336,29.87563705444336,29.42162904425147,29.59928427073963,2681200,BWA
2024-02-22,30.112512588500977,30.1322524781,29.776941995315493,29.915117457509698,1911000,BWA
2024-02-23,30.013813018798828,30.24081608653077,29.767070062786015,30.023682962939265,1848700,BWA
2024-02-26,29.776939392089844,30.073030180191772,29.500586609361875,29.944724674014086,2986300,BWA
2024-02-27,30.280296325683594,30.359253997513953,29.954595694070935,30.16185887668836,2037400,BWA
2024-02-28,30.378995895385742,30.704696548540483,29.905247950570153,30.013815462454904,2006400,BWA
2024-02-29,30.83462905883789,30.933680608837527,30.48795146771593,30.65633853593996,3039400,BWA
2024-03-01,30.85443878173828,31.012920501080828,30.388898967325936,30.834628094507682,2754900,BWA
2024-03-04,30.5374755859375,30.953490574833307,30.408709896416692,30.75538747945392,3393500,BWA
2024-03-05,31.0228271484375,31.537893702572127,30.2700380052987,30.448330419364627,4040200,BWA
2024-03-06,31.636945724487305,31.765711420311774,31.171403994330714,31.260550202690435,3979700,BWA
2024-03-07,31.973718643188477,32.6670776360828,31.62704103599258,31.636946380376926,4662500,BWA
2024-03-08,31.73599624633789,32.617551067874665,31.587417977729572,32.25106279141043,4336700,BWA
2024-03-11,31.82514190673828,32.340208442989365,31.55770329492509,31.58741743673691,3534300,BWA
2024-03-12,32.23125076293945,32.31048973199933,31.74589838037734,31.94400147078029,3016000,BWA
2024-03-13,32.16191864013672,32.74632074028512,32.112390028435655,32.1916327843553,2950300,BWA
2024-03-14,31.726089477539062,32.191631199389455,31.52798826524738,31.94400326708646,3199400,BWA
2024-03-15,31.815237045288086,32.31049293107994,31.666660657400783,31.835047734140066,6025200,BWA
2024-03-18,31.765710830688477,32.26096669493807,31.587418417278435,32.26096669493807,2867400,BWA
2024-03-19,31.478464126586914,31.934100514452872,31.31998239756864,31.735997408554415,2565500,BWA
2024-03-20,32.4095458984375,32.42935658699797,31.379412764308107,31.518083805728892,3747600,BWA
2024-03-21,33.083091735839844,33.11280587722013,32.577928661361724,32.597739348449316,2801400,BWA
2024-03-22,32.884986877441406,33.013754447344446,32.42935243440235,32.99394376132075,2884800,BWA
2024-03-25,32.85527038574219,33.1722375973822,32.696788669173266,32.99394519392939,2868200,BWA
2024-03-26,33.33072280883789,33.409961786179856,32.419450009138636,32.99394865350378,3490300,BWA
2024-03-27,34.370758056640625,34.40047219965323,33.310910799497016,33.42977115004985,3393200,BWA
2024-03-28,34.410377502441406,34.63819473592895,34.23208509736382,34.370756128312564,3562200,BWA
2024-04-01,34.7075309753418,34.99478027601412,34.40047098719184,34.5787633959883,2956400,BWA
2024-04-02,34.410377502441406,34.54904853339015,33.855689600144224,34.40047026965809,2323500,BWA
2024-04-03,34.469810485839844,34.56886393467004,34.043890102126795,34.15284700658866,2314600,BWA
2024-04-04,34.10332107543945,35.40089287464429,34.02407831892194,34.88582629278823,2525700,BWA
2024-04-05,34.281612396240234,34.440094125674214,33.895313416901324,34.09341274481694,2092000,BWA
2024-04-08,34.79667663574219,35.12354352775739,34.51933079389346,34.638194916901014,2153800,BWA
2024-04-09,35.27212142944336,35.400889005459206,34.885822479897996,34.915536621093125,2224000,BWA
2024-04-10,34.49952697753906,34.866015276739724,34.232088344553965,34.806583209908844,2412800,BWA
2024-04-11,34.17265701293945,34.47971703041812,33.657590424831355,34.47971703041812,2352200,BWA
2024-04-12,33.1821403503418,33.96464546245902,33.003847950656805,33.96464546245902,2920100,BWA
2024-04-15,32.815650939941406,33.60805947810062,32.597737175009385,33.50900982776895,2777100,BWA
2024-04-16,32.1322021484375,32.83546841378565,32.122298692757774,32.498694243133905,2847100,BWA
2024-04-17,31.557703018188477,32.49868987850118,31.557703018188477,32.429354362546775,2500600,BWA
2024-04-18,31.80533218383789,31.973717363880734,31.419031325309703,31.785521495861843,2035000,BWA
2024-04-19,32.4887809753418,32.508591661524875,31.676561734345906,31.676561734345906,2222700,BWA
2024-04-22,32.776031494140625,33.073184241096584,32.53830702947455,32.815652868002005,1915500,BWA
2024-04-23,33.02366256713867,33.02366256713867,32.617552892527144,32.785938079767334,1922800,BWA
2024-04-24,33.33072280883789,33.55854006413706,32.8651810645077,32.99394865350378,1975400,BWA
2024-04-25,32.50859451293945,33.16233210031383,32.260966581683974,33.08309312713331,1610700,BWA
2024-04-26,32.875083923339844,33.05337634225301,32.44916356465867,32.518502864016014,1825500,BWA
2024-04-29,33.40995788574219,33.588250287075105,32.98403756905822,33.11280514302136,3296200,BWA
2024-04-30,32.45907211303711,33.12271320481642,32.42935796818211,32.94442077868113,2912300,BWA
2024-05-01,32.55812072753906,33.2811938641227,32.28077864186384,32.3798283071757,3658100,BWA
2024-05-02,35.291934967041016,35.53956290634119,33.77644940914228,35.15326392559332,4894000,BWA
2024-05-03,36.09424591064453,36.37159176311762,35.698043487615266,35.83671452460063,4825600,BWA
2024-05-06,36.589500427246094,36.87674972386402,36.22301216033832,36.40130456661826,3017400,BWA
2024-05-07,36.45083236694336,36.89656341898054,36.371593390193716,36.619221332602976,2683200,BWA
2024-05-08,37.154090881347656,37.2333336282068,35.77728027193825,35.99519404729875,3101200,BWA
2024-05-09,37.36210632324219,37.42153461302931,36.936185946755394,37.20362458630542,2162500,BWA
2024-05-10,37.144187927246094,37.63944376627604,37.01542035111769,37.63944376627604,1770200,BWA
2024-05-13,37.2630500793457,37.64934904797929,37.22343248196197,37.441342492330804,1891000,BWA
2024-05-14,37.23333740234375,37.86726432746598,36.95599531722841,37.698879141075246,1837200,BWA
2024-05-15,37.144187927246094,37.609729625054946,36.8272244925471,37.540394109870924,3300300,BWA
2024-05-16,37.27295684814453,37.39181719581946,36.955993402009824,37.0847572042817,1662600,BWA
2024-05-17,36.73808288574219,37.29277085509932,36.69846150682325,37.29277085509932,2256000,BWA
2024-05-20,36.52016830444336,36.79751417248198,36.361686570636685,36.648935893943346,1965600,BWA
2024-05-21,36.15367889404297,36.777702354852345,36.14377543907884,36.32206407795048,2136500,BWA
2024-05-22,35.50984573364258,35.91595541152529,35.40089261199325,35.787191600893564,2225900,BWA
2024-05-23,34.747154235839844,35.72775875893024,34.55895458384084,35.549466340458814,2507800,BWA
2024-05-24,35.35136413574219,35.37117482480049,34.76696203328122,35.0244972125366,1751600,BWA
2024-05-28,35.59899139404297,35.60889862763217,35.1334534349182,35.440509663138315,2291400,BWA
2024-05-29,34.459903717041016,35.123544757134944,34.420282341318355,35.03439855101014,2129400,BWA
2024-05-30,34.88582229614258,34.99477918462037,34.20236682423722,34.56885886339018,3868800,BWA
2024-05-31,35.32164764404297,35.5395614306999,34.440092821297874,34.77686695590298,19780200,BWA
2024-06-03,35.6793327331543,35.74888278643932,35.18254447243636,35.4806166708284,2969400,BWA
2024-06-04,34.496978759765625,35.609783425830855,34.477106774097386,35.16267322377983,2217800,BWA
2024-06-05,34.38768768310547,34.56653177926527,33.731927260584214,34.56653177926527,2097200,BWA
2024-06-06,34.65595245361328,34.79505256951397,34.15916415957144,34.377748431618,2317000,BWA
2024-06-07,34.38768768310547,34.934154070174166,34.288327746242224,34.35788159714352,2216900,BWA
2024-06-10,34.09954833984375,34.1690983980797,33.77167003533055,33.950510334941626,2631700,BWA
2024-06-11,33.50340270996094,33.96044701646703,33.394108682276055,33.880959072625735,2974300,BWA
2024-06-12,34.02006149291992,34.30819580131314,33.771667364523054,33.97037963508566,1808000,BWA
2024-06-13,33.493465423583984,33.900831667604365,33.046355206928965,33.801475526211625,2126400,BWA
2024-06-14,32.152137756347656,33.0860983486431,31.754705620370075,32.95693233592132,2742500,BWA
2024-06-17,32.976806640625,33.00661651654545,32.191883991674864,32.24156206461692,2035500,BWA
2024-06-18,32.7979621887207,33.35436645411714,32.56944002352055,33.145716275916214,2161500,BWA
2024-06-20,32.91719055175781,33.23513472898184,32.758218463145795,32.867512484727854,2091400,BWA
2024-06-21,32.91719055175781,33.00661258848917,32.49988645028029,32.89731856690712,3852200,BWA
2024-06-24,33.38417053222656,33.56301461427226,33.03642025613423,33.16558626876584,2232200,BWA
2024-06-25,32.65886306762695,33.23513933762749,32.36079083392058,33.17552337480858,2272100,BWA
2024-06-26,32.38066101074219,32.42040498373224,31.824256759463086,32.29123896661151,3370400,BWA
2024-06-27,31.794450759887695,32.360789110832684,31.73483669534005,32.2216889951892,2097600,BWA
2024-06-28,32.03290939331055,32.29123762663841,31.824255438868118,31.873937298140998,4686800,BWA
2024-07-01,31.2877254486084,32.46014419009328,31.198303407167625,32.2813038974055,2616100,BWA
2024-07-02,31.555992126464844,31.844128346641824,31.13868989078684,31.13868989078684,1642400,BWA
2024-07-03,31.685155868530273,31.854065854506093,31.42682573570974,31.66528577761861,1280000,BWA
2024-07-05,31.118818283081055,31.6156065746886,31.019460245740156,31.45663447298194,3369000,BWA
2024-07-08,31.228111267089844,31.625541508037053,31.16849720472198,31.416891342201094,1598200,BWA
2024-07-09,31.456632614135742,31.56592663826198,30.870422313071625,31.089010361324107,2622800,BWA
2024-07-10,31.883872985839844,31.943488945823955,31.39702068321802,31.645414831194273,1699900,BWA
2024-07-11,32.927127838134766,32.9569339232008,32.142201416381795,32.489955499659224,2457000,BWA
2024-07-12,32.90725326538086,33.11590721502806,32.54956511192124,33.01654728895948,2328200,BWA
2024-07-15,32.96686935424805,33.57295164003798,32.75821919395128,32.88738141307196,2580200,BWA
2024-07-16,34.288326263427734,34.39762029415381,32.8277712615438,33.04635553280208,2367600,BWA
2024-07-17,33.96044921875,34.1194213265479,33.493466993883786,33.78160512370311,3161400,BWA
2024-07-18,33.62263107299805,34.70562967922505,33.433852890332346,34.0697412847787,2402200,BWA
2024-07-19,32.41046905517578,32.74828526563046,31.92361862228746,32.291240919190045,2709100,BWA
2024-07-22,32.44027328491211,32.75821745232533,32.05277527757088,32.648923434115765,2897300,BWA
2024-07-23,32.34091567993164,32.489953677290096,31.983227518426318,32.10245943239057,2042900,BWA
2024-07-24,31.76464080810547,32.39059318473876,31.49637658674653,31.71496273991595,2462200,BWA
2024-07-25,31.97329330444336,32.59924758480181,31.168496839079346,31.506311118598866,3823700,BWA
2024-07-26,32.599246978759766,32.619118963978785,31.824254715992367,32.21174895227925,2159700,BWA
2024-07-29,32.50982666015625,32.61912068954577,32.27136661510695,32.539632744464726,2526700,BWA
2024-07-30,32.24155807495117,32.59924622018302,31.883869929719328,32.56943634795133,4246800,BWA
2024-07-31,35.083187103271484,36.51393587938168,34.53671700353409,35.76875351449633,6383700,BWA
2024-08-01,33.81140899658203,35.67933398360046,33.453720829898316,35.103061551871846,3403500,BWA
2024-08-02,32.8277702331543,32.976804442044276,32.09252191597159,32.93706426045654,3296800,BWA
2024-08-05,32.16207504272461,32.321047154837466,31.27779243220969,31.506314606484796,3031300,BWA
2024-08-06,31.655349731445312,32.43033823350832,31.625541752482548,32.10245994040235,2952200,BWA
2024-08-07,31.446697235107422,32.45020977184821,31.367211187400077,32.29123767643352,2180400,BWA
2024-08-08,31.923614501953125,32.09252069028294,31.575862342533995,31.705026455697027,3548700,BWA
2024-08-09,31.585800170898438,31.9633565397656,31.436762168844567,31.9633565397656,2939900,BWA
2024-08-12,30.989652633666992,31.78451310302267,30.93003667714268,31.655348987413692,3456000,BWA
2024-08-13,31.665285110473633,31.804383324312223,31.009522851685613,31.009522851685613,2207800,BWA
2024-08-14,31.52618408203125,31.903744239535275,31.327469905273738,31.78451421740324,2180300,BWA
2024-08-15,32.33098220825195,32.629054418546986,32.052778193808635,32.27136625011543,1962700,BWA
2024-08-16,32.43033981323242,32.539633846322864,32.13226758947284,32.33098366871055,1548200,BWA
2024-08-19,32.867515563964844,33.02648766747037,32.678733585293706,32.78802761711512,1483500,BWA
2024-08-20,32.30117416381836,32.847644335540686,32.24156199249884,32.77809427553857,1964800,BWA
2024-08-21,32.857574462890625,32.917190417199016,32.48001433265789,32.66879629287103,1759400,BWA
2024-08-22,32.678733825683594,32.93706586465161,32.5694397930582,32.788027858308986,1644300,BWA
2024-08-23,33.77166748046875,33.81140766060154,32.837703128766115,32.97680323471494,1822100,BWA
2024-08-26,33.59282684326172,34.12935533682097,33.5431449801707,33.890899070837754,1536900,BWA
2024-08-27,33.43385314941406,33.58288736103329,33.245071175091674,33.50340320620847,1881800,BWA
2024-08-28,33.43385314941406,33.58288736103329,33.13577714578794,33.27488104957059,1805500,BWA
2024-08-29,33.67230987548828,33.99025407962639,33.513337773419224,33.821347879387844,1574700,BWA
2024-08-30,33.85115051269531,33.95050664503562,33.46365629029724,33.95050664503562,1867000,BWA
2024-09-03,32.983943939208984,33.64182843200265,32.85435953537166,33.35275699362355,2401300,BWA
2024-09-04,32.96400451660156,33.213203222534425,32.83442012482474,32.96400451660156,1999100,BWA
2024-09-05,32.74470901489258,33.133462197065064,32.485544029248146,33.053716784577205,2279400,BWA
2024-09-06,32.18650817871094,33.023816045382056,32.16657182444844,32.66496927359861,2114500,BWA
2024-09-09,32.77461624145508,33.16336563059438,32.146634411515095,32.26624873068011,2733300,BWA
2024-09-10,31.458845138549805,32.38586656052056,31.09003210633944,32.196473104205836,2998000,BWA
2024-09-11,31.538589477539062,31.59839853938541,30.910609538035253,31.389070625393902,2654600,BWA
2024-09-12,31.877500534057617,31.887468711233492,31.209647873157127,31.63826998554279,2584500,BWA
2024-09-13,32.10676193237305,32.67493470553121,31.97718133671991,32.36593072862068,2788200,BWA
2024-09-16,32.09679412841797,32.39583181545111,31.9074006780696,32.29615385393023,3470200,BWA
2024-09-17,32.794551849365234,33.143428523359745,32.30612070330236,32.415768744406506,2354600,BWA
2024-09-18,32.62509536743164,33.35275516018257,32.41576935906575,32.894230436389485,2892800,BWA
2024-09-19,34.000675201416016,34.20003494515862,33.47237511259833,33.631862147098246,3308500,BWA
2024-09-20,33.29294967651367,34.41932512483495,33.19326790953572,34.41932512483495,11094500,BWA
2024-09-23,34.23990249633789,34.29971155783402,33.26304397339188,33.26304397339188,2904300,BWA
2024-09-24,34.98749923706055,35.05727457540031,34.479135514517914,34.77817322204127,2342300,BWA
2024-09-25,34.399391174316406,34.808076941297124,34.309679479004984,34.52897557920421,2644400,BWA
2024-09-26,35.69522476196289,35.854711785035576,34.987497532261685,35.12705200461203,3109400,BWA
2024-09-27,36.6322135925293,37.17048376607376,36.123849852495674,36.2334941004658,4615700,BWA
2024-09-30,36.17368698120117,36.46275840798252,35.69522589677206,35.76500123393022,2665100,BWA
2024-10-01,35.376251220703125,36.21355905440233,35.23669674636107,36.034135675576024,2933000,BWA
2024-10-02,35.30647277832031,35.76500131239942,35.206794811438726,35.59554420573589,1364900,BWA
2024-10-03,34.71836853027344,35.05727514920176,34.48910235486655,34.867885485246966,2473600,BWA
2024-10-04,35.01740646362305,35.41612214853885,34.937661045157384,35.396185793922434,1898400,BWA
2024-10-07,34.90775680541992,35.16692179854562,34.70839707091594,34.788142485705805,1344000,BWA
2024-10-08,34.56884765625,34.97753341575271,34.289746299263996,34.7482710435898,1207900,BWA
2024-10-09,34.95759582519531,35.087180223129785,34.2698087330274,34.29971136236972,1036900,BWA
2024-10-10,34.77817153930664,34.867883227470045,34.528972828016144,34.78814161714178,960800,BWA
2024-10-11,34.937660217285156,35.20679529452317,34.71836792664254,34.77817318660382,1071800,BWA
2024-10-14,35.316444396972656,35.34634702784733,34.74827159552873,34.94763134045855,1283100,BWA
2024-10-15,34.86788558959961,35.565642788976774,34.77817389535868,35.206796012013044,1085600,BWA
2024-10-16,34.92769241333008,35.47592881965689,34.87785343138593,35.11708206570608,1102100,BWA
2024-10-17,34.79811096191406,35.38622012453331,34.35952256024599,34.87785638174693,1498200,BWA
2024-10-18,35.087181091308594,35.87464997155338,34.967566768508995,35.725129216200806,1299500,BWA
2024-10-21,34.22993469238281,35.15695419059513,34.2199684171471,35.107115209475545,1043400,BWA
2024-10-22,34.080413818359375,34.23990083882446,33.81127875836133,34.219968288428014,1372300,BWA
2024-10-23,34.01063919067383,34.30967688494553,33.621889807873565,33.74150412508813,1605400,BWA
2024-10-24,33.34278869628906,34.33958355236664,33.163365317997446,34.28974457005688,2172500,BWA
2024-10-25,33.492305755615234,33.83121615991779,33.35275508369135,33.65179278102404,1320300,BWA
2024-10-28,34.299713134765625,34.3794585537601,33.62189228319603,33.62189228319603,1447900,BWA
2024-10-29,34.110321044921875,34.399388662062286,33.59198726569647,33.950834020734874,1961100,BWA
2024-10-30,33.442466735839844,34.20999923303579,33.362725124459686,33.711601803880285,2907300,BWA
2024-10-31,33.522212982177734,35.16692225775304,32.46560903723906,34.96756632311656,4459300,BWA
2024-11-01,33.332820892333984,34.09038716401821,33.07365588516046,33.7116040281761,2739700,BWA
2024-11-04,33.34278869628906,34.419325163568125,33.32285234287104,33.57205105689043,2653000,BWA
2024-11-05,33.91096115112305,34.01063911483448,32.80451826256145,33.093589680783424,2140300,BWA
2024-11-06,34.73830032348633,35.356315891783886,33.96080152768901,35.077210737482474,2437700,BWA
2024-11-07,34.947628021240234,35.555669671943505,34.76820464809156,34.98749692446288,2561800,BWA
2024-11-08,33.811279296875,34.698429902466614,33.761440315149095,34.608718214371756,1850700,BWA
2024-11-11,34.548912048339844,34.73830171574817,34.050514584398144,34.26981068532317,1601700,BWA
2024-11-12,35.02737045288086,35.25663281229564,34.32961329674379,34.43926133874012,2923400,BWA
2024-11-13,34.69843292236328,35.695227853517366,34.64859013382886,35.276572005147784,2413900,BWA
2024-11-14,34.31964874267578,34.86788517768447,34.190064340865106,34.638622806770684,1721700,BWA
2024-11-15,34.38942337036133,34.72833378176227,33.990703897252914,34.20003371199372,1762600,BWA
2024-11-18,34.26980972290039,34.728334464256676,34.18009802981148,34.53894480216711,1292900,BWA
2024-11-19,33.0238151550293,33.80131393795082,32.97397617195214,33.68169961807151,1975100,BWA
2024-11-20,33.20323944091797,33.243108346983774,32.74471089768884,32.89423165346563,1380600,BWA
2024-11-21,33.65179443359375,33.76144248191014,32.92413460677778,33.0636852855547,1541000,BWA
2024-11-22,34.01063919067383,34.14022358576411,33.512241766064136,33.512241766064136,1681100,BWA
2024-11-25,35.06724548339844,35.40615590726897,34.34955192638535,34.34955192638535,2370600,BWA
2024-11-26,34.06047821044922,34.73829901286846,33.79134694703535,34.53894308477976,2298700,BWA
2024-11-27,34.170127868652344,34.63862268725624,34.08041617578076,34.18009794701072,1220700,BWA
2024-11-29,34.209999084472656,34.568845840301556,33.81127962189152,34.32961340225876,1041400,BWA
2024-12-02,34.31999969482422,34.529998779296875,33.900001525878906,34.33000183105469,2328100,BWA
2024-12-03,33.849998474121094,34.29999923706055,33.810001373291016,34.189998626708984,2016500,BWA
2024-12-04,34.79999923706055,34.88999938964844,33.79999923706055,33.97999954223633,3359300,BWA
2024-12-05,33.9900016784668,35.369998931884766,33.810001373291016,35.15999984741211,2241000,BWA
2024-12-06,33.79999923706055,34.4900016784668,33.5,34.4900016784668,2294200,BWA
2024-12-09,34.29999923706055,35.08000183105469,33.959999084472656,34.18000030517578,2473600,BWA
2024-12-10,34.61000061035156,34.619998931884766,33.91999816894531,34.459999084472656,1778900,BWA
2024-12-11,35.09000015258789,35.15999984741211,34.099998474121094,34.56999969482422,2899200,BWA
2024-12-12,35.04999923706055,35.29999923706055,34.529998779296875,34.81999969482422,3019500,BWA
2024-12-13,34.04999923706055,35.0,33.83000183105469,34.93000030517578,2516600,BWA
2024-12-16,32.97999954223633,33.900001525878906,32.81999969482422,33.58000183105469,3054100,BWA
2024-12-17,33.2400016784668,33.61000061035156,32.88999938964844,32.88999938964844,2391100,BWA
2024-12-18,31.950000762939453,33.66999816894531,31.940000534057617,33.36000061035156,2545500,BWA
2024-12-19,31.479999542236328,32.2599983215332,31.350000381469727,32.2400016784668,3278900,BWA
2024-12-20,31.8799991607666,32.040000915527344,31.260000228881836,31.260000228881836,7655000,BWA
2024-12-23,32.0,32.09000015258789,31.610000610351562,31.719999313354492,1907500,BWA
2024-12-24,32.18000030517578,32.22999954223633,31.809999465942383,31.989999771118164,718100,BWA
2024-12-26,32.2599983215332,32.40999984741211,31.93000030517578,32.11000061035156,1210000,BWA
2024-12-27,32.189998626708984,32.630001068115234,31.8799991607666,31.959999084472656,1191700,BWA
2024-12-30,31.639999389648438,32.02000045776367,31.43000030517578,31.899999618530273,1546100,BWA
